station,year,month,day,wind_speed_mean_meters_per_second,wind_direction_heading,air_temp_degrees_celsius,barometric_pressure_mbar,depth_meters,water_temperature_degrees_celsius,specific_conductivity_millisiemens_per_centimeter,p_h_p_h,turbidity_ntu,organic_dissolved_oxygen_saturation_percent,organic_dissolved_oxygen_milligrams_per_liter,chlorophylla_rfu,phycocyanin_rfu,flourescent_dissolved_organic_matter_rfu,turbidity_c6_ntu,phycoerythrin_c6_rfu,phycocyanin_c6_rfu,chlorophylla_c6_rfu,colored_dissolved_organic_matter_c6_ppb,depth_c6_meters,water_temp_c6_degrees_celsius,wind_direction_rads,wind_speed_north_meter_sec,wind_speed_east_meter_sec,depth_c6_meter,water_temperature_c6_degrees_celsius,ph_nan,organic_dissolved_oxygen_1_milligrams_per_liter,B1,B10,B11,B12,B2,B3,B4,B5,B6,B7,B8,B8A,B9
WE02,2015,8,4,6.244395833333333,267.915625,21.658645833333335,1012.5810729166667,0.9786666666666667,24.4825,7999,8.499583333333334,7.0556875,106.35,7.40875,0.5735416666666666,0.469375,19.38375,8.237708333333334,426.9475,39.196666666666665,336.99791666666664,1849.1166666666666,0.9742708333333333,24.6840625,3.17797186018605,-0.15862171978123116,-6.029318070201154,NA,NA,NA,NA,0.009,0.126,0.001,0.014,0.01,0.101,0.09,0.058,0.07,0.046,0.045,0.038,0.032
WE02,2015,8,14,6.412052083333333,221.33125,23.154791666666668,1018.7293854166667,1.0487291666666667,23.931770833333335,7999,9.2896875,37.2625,149.38541666666666,11.509791666666667,1.8459895833333333,8.85284375,13.973645833333334,39.48229166666667,1061.0625,308.49666666666667,982.4583333333334,1194.7625,1.086875,24.141979166666665,3.9910225839197833,-4.702273955524119,-4.139911820698091,NA,NA,NA,NA,0.015,0.158,0.001,0.017,0.012,0.106,0.087,0.052,0.099,0.076,0.078,0.04,0.057
WE02,2015,8,24,8.002256410256411,259.9294871794872,19.777435897435897,1011.6898717948718,0.974576923076923,23.52179487179487,7999,9.28448717948718,19.34897435897436,119.99102564102564,8.752179487179488,1.4505897435897437,4.911012820512821,10.876794871794871,48.55461538461538,476.28,110.70153846153846,386.01641025641027,451.6297435897436,1.0138461538461538,23.723333333333333,3.3173562596720423,-1.324991657015843,-7.224098378710472,NA,NA,NA,NA,0.01,0.127,0,0.012,0.009,0.105,0.103,0.061,0.072,0.042,0.04,0.035,0.029
WE02,2015,10,23,6.79271875,81.0431875,10.266979166666667,1025.2877916666666,NaN,NaN,NaN,NaN,NaN,NaN,NaN,NaN,NaN,NaN,NA,NA,NA,NA,NA,NA,NA,1.2689732667551696,2.3250978663945423,5.819169745936278,NA,NA,NA,NA,0.01,0.157,0.002,0.011,0.01,0.129,0.11,0.073,0.057,0.037,0.034,0.027,0.026
WE02,2016,6,29,3.955936842105263,249.43138947368422,19.40378947368421,1017.8797484210527,0.29461052631578943,6.366736842105263,70.90736842105264,2.1902315789473685,0.44658947368421054,27.561894736842106,2.301778947368421,0.10943157894736842,0.0069789473684210524,0.24297894736842104,NA,NA,NA,NA,NA,NA,NA,2.640778324641371,2.8806382382372666,-0.6409383068309158,NA,NA,NA,NA,0.012,0.131,0.001,0.018,0.015,0.107,0.088,0.047,0.04,0.034,0.033,0.03,0.028
WE02,2016,7,19,3.5251354166666666,209.63166666666666,24.0434375,1022.25896875,1.1756770833333332,25.307083333333335,339.10520833333334,8.868125000000001,4.905125,127.35520833333334,10.449479166666666,2.4525625,0.7208645833333334,6.704208333333333,NA,NA,NA,NA,NA,NA,NA,2.5589726604532195,0.962538936426176,-0.21768803561576075,NA,NA,NA,NA,0.007,0.127,0.001,0.006,0.003,0.1,0.085,0.045,0.044,0.034,0.033,0.026,0.024
WE02,2016,8,8,5.1786875,63.575208333333336,22.915520833333332,1018.2288333333333,1.1549375,26.593333333333334,281.665625,8.984270833333333,8.551895833333333,119.01354166666667,9.5440625,1.8023333333333333,1.85946875,3.5023645833333332,NA,NA,NA,NA,NA,NA,NA,0.592099312636468,2.327590392591534,4.472690174940927,NA,NA,NA,NA,0.009,0.125,0,0.011,0.009,0.105,0.101,0.061,0.064,0.036,0.035,0.03,0.026
WE02,2016,8,28,3.1168645833333333,200.50729166666667,23.742083333333333,1021.00553125,1.19134375,25.2940625,238.046875,8.414270833333333,3.81684375,91.703125,7.5305625,0.521125,0.15295833333333334,0.90415625,NA,NA,NA,NA,NA,NA,NA,4.223569526234986,-2.0682448285231585,-0.8160393046549101,NA,NA,NA,NA,0.005,0.16,0.001,0.005,0.003,0.137,0.123,0.075,0.058,0.035,0.035,0.026,0.024
WE02,2016,10,7,3.4015625,143.60013541666666,18.86125,1018.66028125,1.0843125,19.268229166666668,307.17083333333335,8.008145833333334,23.155520833333334,94.83020833333333,8.741875,0.5488333333333334,0.21461458333333333,2.0075,NA,NA,NA,NA,NA,NA,NA,4.627738148196269,-2.0263282486187935,1.738440486864729,NA,NA,NA,NA,0.007,0.16,0,0.004,0.002,0.141,0.132,0.094,0.076,0.038,0.039,0.029,0.024
WE02,2017,5,15,4.174447916666667,101.2371875,12.504166666666666,995.7598645833333,1.1243645833333333,14.8271875,324.3041666666667,7.909239583333333,59.904895833333335,93.375,9.442291666666666,1.2688541666666666,0.57284375,21.936666666666667,NA,NA,NA,NA,NA,NA,NA,2.8800168861010556,0.30038801877475224,3.794492363491173,NA,NA,NA,NA,0.011,0.14,0.001,0.009,0.007,0.124,0.127,0.123,0.11,0.057,0.055,0.045,0.034
WE02,2017,6,24,7.17846875,279.6770833333333,20.007395833333334,988.406865625,0.9920729166666666,22.135208333333335,256.15208333333334,8.473958333333334,3.16028125,106.51979166666666,9.283333333333333,2.34209375,0.09305208333333333,3.062666666666667,NA,NA,NA,NA,NA,NA,NA,2.9726956874332586,1.198867392021153,-6.841088418177595,NA,NA,NA,NA,0.012,0.131,0.001,0.022,0.015,0.107,0.09,0.056,0.05,0.04,0.04,0.037,0.034
WE02,2017,7,9,4.2569791666666665,262.4406666666667,21.1534375,995.6744770833334,1.0734062500000001,23.991041666666668,301.7708333333333,8.1340625,1.96721875,106.40520833333333,8.951979166666666,0.5114583333333333,-0.06591666666666667,7.9458125,NA,NA,NA,NA,NA,NA,NA,3.142628215612643,0.1190773687171089,-2.7769830043596553,NA,NA,NA,NA,0.01,0.126,0.001,0.018,0.014,0.099,0.081,0.049,0.042,0.034,0.033,0.029,0.028
WE02,2017,7,14,4.440166666666666,271.0521875,22.981145833333333,994.70765,1.0620416666666668,24.729270833333334,379.21875,7.620833333333334,11.144604166666667,87.13229166666666,7.226333333333334,0.8549479166666667,-0.10479166666666667,34.1521875,NA,NA,NA,NA,NA,NA,NA,2.534179894818379,2.0195084010534186,-3.4462142133463654,NA,NA,NA,NA,0.008,0.146,0.001,0.006,0.004,0.119,0.109,0.087,0.069,0.039,0.038,0.029,0.026
WE02,2017,7,29,7.900072916666667,49.02678125,19.957083333333333,995.2809625,1.0563333333333333,24.061041666666668,247.47083333333333,8.636666666666667,55.71010416666667,109.98854166666666,9.2404166666666665,6.87225,0.7121770833333333,10.646114583333333,NA,NA,NA,NA,NA,NA,NA,1.8277649704737604,5.9816737815251395,4.052579077046666,NA,NA,NA,NA,0.012,0.148,0.001,0.018,0.014,0.135,0.139,0.128,0.138,0.089,0.091,0.075,0.063
WE02,2017,8,18,7.542364583333334,245.65104166666666,22.66583333333333,987.1129541666667,0.9811458333333333,24.3071875,177.65104166666666,8.577604166666667,6.12725,106.953125,8.94875,1.2498958333333334,0.3105833333333333,1.7281979166666666,NA,NA,NA,NA,NA,NA,NA,3.566562145937371,-2.8560387191646837,-6.637897318429211,NA,NA,NA,NA,0.126,0.395,0.002,0.313,0.276,0.343,0.322,0.318,0.318,0.317,0.331,0.296,0.332
WE02,2017,8,23,6.906510416666666,295.21770833333335,19.571041666666666,992.376921875,1.0415416666666666,24.137291666666666,185.25625,8.816666666666666,15.887020833333333,113.58020833333333,9.531041666666667,1.2639583333333333,1.434375,4.68665625,NA,NA,NA,NA,NA,NA,NA,2.701460613365515,2.8681763534435256,-6.1213680030956255,NA,NA,NA,NA,0.01,0.139,0.001,0.013,0.008,0.114,0.11,0.063,0.071,0.043,0.043,0.036,0.032
WE02,2017,10,2,4.899989583333333,128.14125,16.389791666666667,1003.8221041666667,1.1943124999999999,19.9878125,236.71145833333333,8.451979166666666,12.13846875,102.92291666666667,9.3546875,0.4990625,0.9850416666666667,0.3931354166666667,NA,NA,NA,NA,NA,NA,NA,4.046698587058403,-1.9478161234908191,3.5576148241907397,NA,NA,NA,NA,0.016,0.144,0.007,0.011,0.008,0.117,0.106,0.056,0.051,0.036,0.034,0.028,0.027
WE02,2017,10,17,7.438,213.22083333333333,12.055625,1002.271859375,1.3680833333333333,16.911041666666666,245.55729166666666,8.108125,11.188739583333334,96.06770833333333,9.295729166666666,0.38945833333333335,0.43564583333333334,0.4256770833333333,NA,NA,NA,NA,NA,NA,NA,4.13257605846174,-5.934121334674887,-3.961344943348703,NA,NA,NA,NA,0.006,0.146,0.001,0.004,0.003,0.126,0.116,0.072,0.061,0.032,0.03,0.024,0.02
WE02,2017,10,22,5.344916666666666,173.09270833333332,16.343645833333333,999.1121604166667,1.3393854166666668,16.244583333333335,232.675,8.271770833333333,5.418416666666666,100.99166666666666,9.911979166666667,0.5017291666666667,0.279375,-0.7166875,NA,NA,NA,NA,NA,NA,NA,4.83294396236359,-5.130155692698225,0.6285432506847156,NA,NA,NA,NA,0.008,0.15,0.003,0.007,0.005,0.124,0.107,0.056,0.045,0.029,0.028,0.022,0.02
WE02,2018,5,25,2.9286979166666667,166.42604166666666,21.082916666666666,994.158915625,0.960875,19.621770833333333,399.0697916666667,8.581354166666667,15.301666666666666,143.23541666666668,13.071354166666667,7.752020833333333,0.582,25.6928125,NA,NA,NA,NA,NA,NA,NA,4.818399551930304,-2.0041755709876736,0.945007025681731,NA,NA,NA,NA,0.008,0.124,0.001,0.004,0.003,0.098,0.093,0.058,0.061,0.031,0.029,0.022,0.018
WE02,2018,6,4,9.004604166666667,293.140625,17.564583333333335,989.7770885416667,0.9087708333333334,21.539375,361.38854166666664,8.162708333333333,9.019135416666666,91.45,8.060947916666667,0.39748958333333334,0.03646875,15.108854166666667,NA,NA,NA,NA,NA,NA,NA,2.7377125563704805,3.399263513440633,-8.181352660738868,NA,NA,NA,NA,0.014,0.138,0.001,0.03,0.025,0.121,0.112,0.081,0.068,0.049,0.049,0.044,0.043
WE02,2018,6,14,3.902833333333333,306.0541666666667,21.3284375,994.7976270833333,1.15478125,21.926041666666666,365.34375,8.244166666666667,15.88659375,94.77395833333334,8.279395833333334,0.95121875,0.14591666666666667,8.21834375,NA,NA,NA,NA,NA,NA,NA,2.512328736193671,2.048853273603891,-2.934070075504619,NA,NA,NA,NA,0.013,0.142,0.002,0.026,0.022,0.128,0.123,0.083,0.068,0.047,0.047,0.042,0.04
WE02,2018,6,24,6.066260416666666,264.721875,20.031458333333333,989.3620291666666,1.1028958333333334,22.572604166666668,390.8020833333333,8.042395833333334,19.324895833333333,85.06979166666666,7.3485,0.4372083333333333,0.08877083333333334,10.3303125,NA,NA,NA,NA,NA,NA,NA,2.9064640784226823,0.6455625026917002,-4.70362773527381,NA,NA,NA,NA,0.009,0.174,0.001,0.029,0.023,0.157,0.15,0.123,0.102,0.063,0.065,0.055,0.05
WE02,2018,6,29,2.7004791666666668,217.12708333333333,24.720208333333332,994.44656875,1.1391145833333334,24.1296875,393.42291666666665,8.34,9.636354166666667,112.43020833333334,9.408645833333333,1.5836979166666667,0.42665625,14.638541666666667,NA,NA,NA,NA,NA,NA,NA,4.064399134555711,-1.9373740645522473,-1.2872118419837595,NA,NA,NA,NA,0.007,0.135,0.001,0.011,0.007,0.111,0.099,0.067,0.056,0.036,0.035,0.028,0.027
WE02,2018,7,9,4.01921875,215.71666666666667,24.0446875,1001.1610520833333,1.2060104166666668,25.615520833333335,280.775,8.546875,7.339333333333333,102.89270833333333,8.3856875,1.2714479166666666,0.41541666666666666,8.883854166666667,NA,NA,NA,NA,NA,NA,NA,4.089015549214048,-2.291326482061149,-1.7156430147570907,NA,NA,NA,NA,0.012,0.131,0.001,0.018,0.017,0.108,0.096,0.062,0.053,0.039,0.038,0.032,0.031
WE02,2018,8,3,4.121489583333333,163.01614583333333,22.63458333333333,995.8384458333334,9.99,24.135625,285.95208333333335,9.484479166666667,6.39571875,129.27708333333334,10.841770833333333,1.0568229166666667,1.0438541666666667,3.2792708333333334,NA,NA,NA,NA,NA,NA,NA,4.027065451024771,-2.8431481813574138,0.1999729046746934,NA,NA,NA,NA,0.008,0.145,0.001,0.008,0.005,0.117,0.104,0.058,0.051,0.037,0.035,0.029,0.027
WE02,2018,8,13,2.8758333333333335,87.54607291666666,23.640104166666667,997.3448239583333,9.99,26.074791666666666,272.884375,9.4548958333333335,4.746791666666667,137.42083333333332,11.121770833333333,0.611,0.9510729166666667,2.0883854166666667,NA,NA,NA,NA,NA,NA,NA,2.2026740565510106,1.3045947842233987,1.5518537787393119,NA,NA,NA,NA,0.006,0.134,0.001,0.007,0.005,0.108,0.096,0.051,0.044,0.031,0.029,0.024,0.023
WE02,2018,8,18,4.61071875,208.55419791666668,21.774791666666665,992.9284677083333,9.99,25.450729166666665,281.3020833333333,9.225520833333333,7.340385416666667,111.35520833333334,9.1153125,0.5016041666666666,1.0810729166666666,2.9890416666666666,NA,NA,NA,NA,NA,NA,NA,2.9050272724770037,1.7372063709671173,-0.970086462319946,NA,NA,NA,NA,0.01,0.154,0.001,0.01,0.004,0.128,0.114,0.069,0.062,0.046,0.045,0.036,0.035
WE02,2018,8,23,4.433260416666666,256.4326041666667,20.21677083333333,997.7771791666667,9.99,24.38125,292.90520833333335,9.481666666666667,9.47125,125.94583333333334,10.5146875,1.7510833333333333,2.20384375,4.8410625,NA,NA,NA,NA,NA,NA,NA,3.051139147053883,0.6762210431703674,-3.6614799923226418,NA,NA,NA,NA,0.007,0.128,0,0.005,0.003,0.101,0.092,0.052,0.053,0.03,0.03,0.023,0.02
WE02,2018,8,28,6.671958333333333,218.39375,25.032083333333333,993.8909739583333,9.99,24.631979166666667,243.15625,9.502916666666666,8.834427083333333,121.43958333333333,10.0959375,1.1378125,1.2599791666666667,-0.14305208333333333,NA,NA,NA,NA,NA,NA,NA,4.042291630697116,-4.897590841285653,-3.870090862706125,NA,NA,NA,NA,0.135,0.293,0.004,0.192,0.195,0.173,0.183,0.174,0.182,0.183,0.203,0.108,0.218
WE02,2018,9,2,5.046375,210.49895833333335,24.2021875,998.1705489583334,9.99,24.921354166666667,235.52083333333334,9.562291666666667,9.61034375,119.05520833333333,9.843645833333333,1.1432291666666667,0.76759375,-1.13975,NA,NA,NA,NA,NA,NA,NA,4.180081739039461,-4.289945986054909,-2.362374529280387,NA,NA,NA,NA,0.005,0.137,0,0.006,0.004,0.113,0.107,0.053,0.044,0.028,0.028,0.021,0.02
WE04,2015,8,4,7.218875,270.0677083333333,21.432395833333334,1012.3631145833333,0.95678125,24.290416666666665,216.95,NA,11.091833333333334,110.75520833333333,NA,0.5415729166666666,1.5841041666666666,0.426375,NaN,NaN,NaN,NaN,NaN,NA,NA,3.1404109202420885,0.08516517133321433,-6.9111486737082135,NaN,NaN,8.850208333333333,9.268541666666668,0.008,0.127,0.001,0.01,0.008,0.102,0.092,0.052,0.058,0.036,0.037,0.029,0.027
WE04,2015,8,14,5.5668750000000005,232.06979166666667,22.486875,1018.6566770833333,1.0253541666666666,23.4290625,220.93333333333334,NA,1.9131458333333333,105.94479166666667,NA,0.15872916666666667,0.1213125,-0.9297083333333334,2.256666666666667,127.24208333333334,92.55083333333333,263.8833333333333,94.97833333333334,NA,NA,3.8035996749738508,-3.411521654401256,-4.295465769085367,1.0855208333333333,22.175208333333334,8.713854166666668,9.009375,0.01,0.15,0.002,0.017,0.012,0.122,0.099,0.057,0.048,0.041,0.04,0.033,0.034
WE04,2015,8,24,7.641697916666667,262.00416666666666,19.393541666666668,1011.7161770833334,0.9502499999999999,23.615208333333335,237.865625,NA,14.632395833333334,109.64270833333333,NA,0.51034375,2.8173020833333333,5.480791666666667,16.778020833333333,542.16875,1127.4125,406.65458333333333,454.2029166666667,NA,NA,3.281146271697173,-0.9807424938724826,-6.909667248219367,1.01625,22.3684375,9.168854166666666,9.290208333333334,0.009,0.126,0.001,0.011,0.008,0.106,0.103,0.058,0.065,0.039,0.037,0.031,0.027
WE04,2016,6,29,6.195427083333334,295.275,18.8153125,1017.9758125,1.1622395833333332,22.865,236.89375,8.512083333333333,-2.46803125,105.51666666666667,9.0684375,0.16698958333333333,-0.0016770833333333334,-1.74096875,NA,NA,NA,NA,NA,NA,NA,2.7004606851482262,2.8817260904086157,-5.279802885291159,NA,NA,NA,NA,0.006,0.119,0.001,0.002,0.001,0.093,0.065,0.027,0.021,0.017,0.014,0.012,0.01
WE04,2016,7,19,5.160864583333334,238.27260416666667,23.469375,1021.3697364583334,1.1174374999999999,24.79925,2988.1067395833334,8.4234375,-0.70034375,106.74333333333334,8.456,0.33951041666666665,0.11665625,-0.7073854166666667,NA,NA,NA,NA,NA,NA,NA,3.6298903270152025,-1.9285759990657012,-4.431459864642813,NA,NA,NA,NA,0.007,0.129,0.001,0.007,0.005,0.099,0.075,0.04,0.033,0.028,0.026,0.022,0.021
WE04,2016,8,8,8.37421875,216.00416666666666,22.42875,1018.0030208333334,1.0891979166666668,26.040416666666665,7999,8.793645833333333,1.7446354166666667,106.69166666666666,7.837041666666667,0.59184375,0.23061458333333335,-0.13720833333333332,NA,NA,NA,NA,NA,NA,NA,4.083997727614564,-6.76630218094766,-4.911528061921525,NA,NA,NA,NA,0.008,0.121,0.001,0.011,0.008,0.094,0.072,0.038,0.032,0.026,0.024,0.022,0.021
WE04,2016,8,28,3.7881458333333335,176.1040625,23.5215625,1020.85084375,1.1516041666666665,25.639583333333334,263.39375,8.601458333333333,7.248270833333334,96.65833333333333,7.88646875,0.7365729166666667,0.41340625,-0.60790625,NA,NA,NA,NA,NA,NA,NA,4.6494862233120315,-3.462367471342447,0.16700964398439616,NA,NA,NA,NA,0.005,0.15,0.001,0.012,0.002,0.125,0.107,0.06,0.056,0.042,0.031,0.022,0.022
WE04,2016,10,7,4.26546875,162.82760416666667,18.347708333333333,1016.4300614583333,1.1084166666666666,18.70509375,238.87416666666667,8.059052083333333,4.35246875,96.49197916666667,8.93615625,0.5620416666666667,0.21845833333333334,0.7091458333333334,NA,NA,NA,NA,NA,NA,NA,4.881204134232537,-3.5429594148729926,1.0407328216491116,NA,NA,NA,NA,0.006,0.147,0,0.003,0.002,0.121,0.1,0.051,0.037,0.023,0.02,0.017,0.015
WE04,2017,5,15,2.9673617021276595,124.93202127659575,12.356170212765958,995.6523382978723,1.2414042553191489,13.279574468085107,259.5244680851064,8.21872340425532,3.3645106382978724,106.97127659574468,11.192553191489361,0.5108510638297872,0.17222340425531915,0.5690744680851064,NA,NA,NA,NA,NA,NA,NA,4.002446599404047,-0.48017727480105893,2.636725767757734,NA,NA,NA,NA,0.007,0.132,0.001,0.006,0.004,0.112,0.097,0.046,0.035,0.023,0.021,0.018,0.015
WE04,2017,6,24,6.5659479166666666,285.7416666666667,20.1103125,988.2694572916666,1.1429270833333334,22.094270833333333,244.53854166666667,8.2415625,0.94240625,98.7375,8.611875,0.46507291666666667,0.038989583333333334,-0.19694791666666667,NA,NA,NA,NA,NA,NA,NA,2.866848740505019,1.7073812969007496,-6.188550689318424,NA,NA,NA,NA,0.012,0.137,0.001,0.028,0.022,0.114,0.091,0.056,0.05,0.044,0.043,0.039,0.039
WE04,2017,7,9,4.455947916666666,269.9322916666667,21.041770833333334,995.4936166666666,1.2231979166666667,22.971145833333335,229.94895833333334,8.389166666666666,0.6439375,106.8875,9.1690625,0.22292708333333333,0.0019270833333333334,-0.5287604166666667,NA,NA,NA,NA,NA,NA,NA,3.1427743869374978,0.20040400379350137,-2.6338763537477483,NA,NA,NA,NA,0.009,0.13,0.001,0.018,0.014,0.108,0.083,0.045,0.038,0.034,0.033,0.029,0.029
WE04,2017,7,14,4.770270833333333,273.05673958333335,23.315833333333334,994.5449572916667,NA,NA,NA,NA,NA,NA,NA,NA,NA,NA,NA,NA,NA,NA,NA,NA,NA,2.368294167036926,2.6889609479217182,-3.5196666141143522,NA,NA,NA,NA,0.008,0.137,0.001,0.009,0.006,0.106,0.079,0.042,0.034,0.029,0.027,0.023,0.022
WE04,2017,7,29,7.72634375,65.0415625,20.1565625,995.3589927083333,NA,NA,NA,NA,NA,NA,NA,NA,NA,NA,NA,NA,NA,NA,NA,NA,NA,2.202752778172481,5.032948925960182,4.777919169801746,NA,NA,NA,NA,0.01,0.129,0.001,0.019,0.015,0.107,0.094,0.06,0.053,0.038,0.038,0.034,0.031
WE04,2017,8,3,5.29303125,210.04583333333332,22.88458333333333,994.8596572916666,1.22278125,25.284479166666667,270.65729166666665,8.813125,0.7073229166666667,100.49166666666666,8.254895833333332,0.19221875,0.17398958333333334,3.970364583333333,NA,NA,NA,NA,NA,NA,NA,4.18799026221256,-3.640192426462799,-2.1909278519769475,NA,NA,NA,NA,0.008,0.143,0.001,0.007,0.004,0.112,0.089,0.05,0.043,0.035,0.033,0.027,0.027
WE04,2017,8,18,7.535854166666667,250.2,22.543229166666666,987.05170625,1.1256354166666667,24.151666666666667,275.59375,9.035729166666666,6.886489583333334,113.16979166666667,9.493645833333334,0.5734270833333334,0.84803125,9.656666666666666,NA,NA,NA,NA,NA,NA,NA,3.48716784548467,-2.342490442594398,-6.904747209196922,NA,NA,NA,NA,0.045,0.229,0.001,0.135,0.098,0.25,0.223,0.186,0.169,0.147,0.139,0.184,0.127
WE04,2017,8,23,7.179385416666666,307.6375,19.978854166666668,992.244815625,1.183125,24.119270833333335,251.57291666666666,8.997604166666667,7.422927083333334,108.81875,9.135104166666666,0.4100729166666667,0.9795,4.9878125,NA,NA,NA,NA,NA,NA,NA,2.484694356370427,4.332349315017348,-5.598851945061712,NA,NA,NA,NA,0.009,0.133,0,0.013,0.01,0.11,0.099,0.059,0.059,0.039,0.039,0.032,0.029
WE04,2017,9,12,4.5731979166666665,72.5984375,17.196666666666665,995.6115291666666,NaN,NaN,NaN,NaN,NaN,NaN,NaN,NaN,NaN,NaN,NA,NA,NA,NA,NA,NA,NA,2.529009356909346,1.1847819553577512,3.7643524023804957,NA,NA,NA,NA,0.014,0.148,0.004,0.014,0.009,0.12,0.094,0.059,0.048,0.038,0.036,0.027,0.029
WE04,2017,10,2,4.78640625,142.515625,16.933229166666667,1003.7906145833333,1.0933854166666668,20.471354166666668,220.0375,8.115208333333333,2.33378125,97.78333333333333,8.803229166666666,0.019041666666666665,-0.07144791666666667,0.18746875,NA,NA,NA,NA,NA,NA,NA,5.366614742186939,-3.163177489377458,2.66775913153896,NA,NA,NA,NA,0.011,0.142,0.005,0.007,0.005,0.116,0.089,0.041,0.033,0.026,0.023,0.021,0.019
WE04,2017,10,17,7.812270833333334,227.21145833333333,12.571458333333334,1002.1082916666667,1.0716354166666666,17.0978125,218.60833333333332,8.128958333333333,3.917385416666667,99.18020833333334,9.561041666666666,0.0369375,0.17384375,0.24383333333333332,NA,NA,NA,NA,NA,NA,NA,3.8883935877999085,-5.211418926455249,-5.6195408749471065,NA,NA,NA,NA,0.006,0.14,0.001,0.004,0.002,0.115,0.09,0.043,0.033,0.022,0.02,0.016,0.014
WE04,2017,10,22,4.945458333333334,177.38229166666667,16.08416666666667,999.1166125,1.04940625,16.3459375,218.55833333333334,8.1421875,1.4291145833333334,102.02708333333334,9.991666666666667,0.18811458333333334,0.12084375,0.32425,NA,NA,NA,NA,NA,NA,NA,4.758076609658249,-4.857616166819486,0.21845051757443318,NA,NA,NA,NA,0.012,0.149,0.006,0.011,0.008,0.117,0.083,0.043,0.035,0.029,0.028,0.023,0.023
WE04,2018,6,14,3.3535104166666665,284.56385416666666,20.4090625,994.57831875,1.03371875,20.4271875,240.39791666666667,8.384270833333334,6.9658645833333335,111.23645833333333,10.008645833333333,1.5560625,0.034291666666666665,-0.46821875,NA,NA,NA,NA,NA,NA,NA,2.1020072832037164,2.3590671097592577,-1.7710370446290717,NA,NA,NA,NA,0.007,0.129,0.001,0.009,0.007,0.101,0.091,0.048,0.044,0.027,0.026,0.022,0.02
WE04,2018,6,24,5.9009479166666665,260.99541666666664,19.624479166666667,989.2557979166667,0.9760208333333333,21.225520833333334,230.64479166666666,8.253645833333334,7.515927083333334,97.9125,8.6859375,0.19897916666666668,-0.032197916666666666,-0.42814583333333334,NA,NA,NA,NA,NA,NA,NA,2.8406033518781544,0.8292114827016088,-4.473245090031114,NA,NA,NA,NA,0.009,0.171,0.001,0.03,0.022,0.154,0.136,0.085,0.067,0.049,0.05,0.044,0.043
WE04,2018,6,29,2.3292916666666668,214.22916666666666,23.446875,994.3652489583334,1.0318958333333332,22.907708333333332,237.23541666666668,8.503541666666667,1.1951145833333334,113.334375,9.728645833333333,0.8294166666666667,-0.030625,-0.45707291666666666,NA,NA,NA,NA,NA,NA,NA,4.114977321837464,-1.4750008809454092,-0.8055305705533736,NA,NA,NA,NA,0.007,0.137,0.001,0.013,0.01,0.111,0.089,0.047,0.038,0.033,0.031,0.028,0.027
WE04,2018,7,4,3.1218854166666667,118.536875,25.575520833333332,1002.0837708333333,1.1091979166666668,26.154791666666668,296.81354166666665,8.921041666666667,0.96953125,130.40625,10.540208333333334,1.3370416666666667,0.04451041666666666,5.7794895833333335,NA,NA,NA,NA,NA,NA,NA,4.868825022902507,-1.290598168386611,2.3845049515303804,NA,NA,NA,NA,0.004,0.121,0,0.004,0.002,0.093,0.08,0.043,0.041,0.033,0.033,0.026,0.026
WE04,2018,7,9,3.7022916666666665,214.60729166666667,23.539375,1001.0783364583333,1.1004583333333333,24.823541666666667,249.81354166666668,8.4314583333333335,1.5806666666666667,106.72604166666666,8.833541666666667,0.6842291666666667,-0.0030729166666666665,-0.4926041666666667,NA,NA,NA,NA,NA,NA,NA,4.10837779560336,-2.279269564309875,-1.625870336650047,NA,NA,NA,NA,0.01,0.129,0.001,0.014,0.014,0.105,0.085,0.046,0.039,0.031,0.03,0.027,0.024
WE04,2018,7,24,2.279810810810811,225.62972972972972,22.7222972972973,991.8182770270271,NaN,NaN,NaN,NaN,NaN,NaN,NaN,NaN,NaN,NaN,NA,NA,NA,NA,NA,NA,NA,3.9159999598057635,-1.3682669786501584,-1.3379112355298761,NA,NA,NA,NA,0.007,0.15,0.001,0.011,0.007,0.119,0.101,0.06,0.059,0.043,0.042,0.033,0.032
WE04,2018,8,3,4.357552083333333,173.33489583333332,22.6275,995.7949708333333,1.0375625,24.059270833333333,228.478125,8.4121875,2.271333333333333,103.28020833333333,8.678645833333333,0.49363541666666666,0.08457291666666666,-0.47191666666666665,NA,NA,NA,NA,NA,NA,NA,4.501467758332479,-3.1866758681897465,-0.44023423801794204,NA,NA,NA,NA,0.007,0.142,0.001,0.006,0.004,0.112,0.086,0.045,0.036,0.029,0.028,0.023,0.022
WE04,2018,8,13,3.057354166666667,117.92364583333334,23.555,997.2800322916667,1.0521458333333333,25.991145833333334,241.69479166666667,8.807916666666667,3.0755833333333333,125.30833333333334,10.161145833333332,1.39821875,0.29209375,0.57625,NA,NA,NA,NA,NA,NA,NA,3.1123820232858423,-0.09368332531375463,1.5159471968683156,NA,NA,NA,NA,0.006,0.133,0.001,0.006,0.004,0.105,0.089,0.045,0.038,0.028,0.027,0.021,0.021
WE04,2018,8,18,4,210.9,22.2465625,992.7719375,1.00840625,25.4646875,239.61145833333333,8.403020833333333,2.584791666666667,93.20729166666666,7.6301145833333335,0.6215416666666667,0.15605208333333334,0.13567708333333334,NA,NA,NA,NA,NA,NA,NA,4.173082241518442,-3.4322596228945774,-2.054165008232682,NA,NA,NA,NA,0.01,0.15,0.001,0.012,0.007,0.119,0.091,0.056,0.048,0.041,0.039,0.033,0.034
WE04,2018,8,23,4,210.9,20.286666666666665,997.6249979166666,1.0606145833333334,24.706145833333334,240.46770833333332,8.525625,3.121677083333333,102.16770833333334,8.482625,0.80625,0.25733333333333336,-0.09975,NA,NA,NA,NA,NA,NA,NA,4.173082241518442,-3.4322596228945774,-2.054165008232682,NA,NA,NA,NA,0.006,0.126,0.001,0.006,0.004,0.096,0.073,0.039,0.032,0.025,0.024,0.02,0.018
WE04,2018,8,28,6.036635416666667,224.65104166666666,24.463020833333335,993.8801354166667,1.0128125,24.730520833333333,247.903125,8.780416666666667,4.174354166666666,110.12291666666667,9.138229166666667,1.2919270833333334,0.44540625,1.3342604166666667,NA,NA,NA,NA,NA,NA,NA,3.93308128885618,-4.1580930692113025,-3.852479022331366,NA,NA,NA,NA,0.01,0.146,0.001,0.012,0.008,0.137,0.1,0.055,0.045,0.035,0.034,0.046,0.029
WE04,2018,9,2,4.990833333333334,217.51458333333335,23.855729166666666,998.0899052083333,1.0576666666666668,25.1784375,257.31666666666666,8.971979166666667,7.317125,113.8375,9.361458333333333,1.9607916666666667,0.8095208333333334,3.2458541666666667,NA,NA,NA,NA,NA,NA,NA,4.057635983704234,-3.8909926791083613,-2.923255925895626,NA,NA,NA,NA,0.005,0.128,0.001,0.006,0.003,0.101,0.086,0.046,0.041,0.027,0.025,0.02,0.018
WE04,2018,10,12,7.969072916666667,294.89375,7.6048229166666665,991.6706583333333,1.0226666666666666,16.934895833333332,221.68333333333334,8.503958333333333,3.3052395833333335,96.41666666666667,9.32625,0.37316666666666665,0.04386458333333333,-0.3957291666666667,NA,NA,NA,NA,NA,NA,NA,2.7071147529214548,3.3470497513510917,-7.058293152247882,NA,NA,NA,NA,0.254,0.553,0.004,0.414,0.308,0.52,0.482,0.502,0.507,0.512,0.53,0.497,0.54
WE08,2015,8,4,5.85596875,270.478125,19.91625,1013.0596354166667,1.0340833333333332,24.376041666666666,296.25104166666665,NA,21.9254375,125.26354166666667,NA,0.3182083333333333,1.1812083333333334,18.849479166666665,NA,NA,NA,NA,NA,NA,NA,3.1332477981036955,0.04852335830752262,-5.718579838270766,NA,NA,9.049270833333333,10.462604166666667,0.01,0.127,0.001,0.014,0.011,0.102,0.095,0.06,0.081,0.052,0.052,0.041,0.037
WE08,2016,6,29,6.10246875,280.1425,18.101041666666667,1017.9388020833334,1.1326874999999998,25.050625,307.265625,8.541666666666666,1.4236770833333334,106.48125,8.782708333333334,0.5788645833333333,0.16839583333333333,0.7597291666666667,NA,NA,NA,NA,NA,NA,NA,2.768223093356906,2.9567145897702383,-1.3304009396575727,NA,NA,NA,NA,0.016,0.129,0.001,0.027,0.022,0.104,0.083,0.053,0.048,0.043,0.042,0.036,0.039
WE08,2016,7,19,4.893851063829787,207.71321276595745,22.824574468085107,1021.9254468085106,1.1695106382978724,25.522446808510637,239.36489361702127,9.036063829787235,4.450372340425532,121.65744680851064,9.943936170212766,0.5732127659574469,0.7301489361702128,0.7899468085106383,NA,NA,NA,NA,NA,NA,NA,2.423957455420999,1.783370994826125,-0.7161829176187839,NA,NA,NA,NA,0.009,0.134,0.001,0.013,0.011,0.109,0.102,0.056,0.061,0.042,0.042,0.034,0.034
WE08,2016,8,8,6.0257604166666665,63.692395833333336,22.136875,1017.8054375,1.1223229166666666,26.990729166666668,277.76666666666665,9.716041666666667,13.461458333333333,119.88958333333333,9.543645833333333,2.6185,2.3346458333333335,1.9492708333333333,NA,NA,NA,NA,NA,NA,NA,1.1791026274673733,2.7609662285864474,5.098370386530481,NA,NA,NA,NA,0.009,0.121,0.001,0.011,0.009,0.1,0.098,0.056,0.064,0.037,0.037,0.028,0.026
WE08,2016,10,7,4.250145833333334,149.001875,18.079166666666666,1018.5304270833334,1.1559791666666666,19.5309375,301.97291666666666,8.299270833333333,12.401145833333333,94.38020833333333,8.655416666666667,0.3743958333333333,-0.0175,1.95234375,NA,NA,NA,NA,NA,NA,NA,4.991608935780308,-2.8535487893846057,1.9812448275191632,NA,NA,NA,NA,0.005,0.146,0.001,0.004,0.001,0.127,0.116,0.07,0.056,0.031,0.029,0.023,0.02
WE08,2017,6,24,5.990364583333333,273.71770833333335,19.008125,988.62583125,1.1393958333333334,22.244270833333335,278.69166666666666,8.8015625,1.6543854166666667,109.14583333333333,9.4915625,0.80853125,-0.14034375,4.2441458333333335,NA,NA,NA,NA,NA,NA,NA,3.076706402544296,0.36531048267102406,-5.857712441880183,NA,NA,NA,NA,0.016,0.14,0.001,0.036,0.029,0.112,0.094,0.063,0.056,0.051,0.051,0.042,0.047
WE08,2017,7,9,4.4075625,255.703125,19.831145833333334,995.8557927083333,1.2141458333333333,24.952291666666667,280.84791666666666,8.407395833333334,0.9666666666666667,100.40625,8.298541666666667,0.12603125,-0.14354166666666668,2.0408333333333335,NA,NA,NA,NA,NA,NA,NA,3.3911201950858576,-0.8594377043193897,-2.6405675355712117,NA,NA,NA,NA,0.01,0.126,0.001,0.019,0.016,0.1,0.08,0.049,0.041,0.037,0.036,0.031,0.033
WE08,2017,7,14,4.177625,280.9625,21.740104166666665,992.8155947916666,NaN,NaN,NaN,NaN,NaN,NaN,NaN,NaN,NaN,NaN,NA,NA,NA,NA,NA,NA,NA,2.950260934339915,0.9348185473533547,-3.8266750606701896,NA,NA,NA,NA,0.011,0.142,0.001,0.021,0.017,0.11,0.086,0.058,0.049,0.045,0.043,0.035,0.037
WE08,2017,7,29,6.5195625,57.909625,19.187604166666667,993.7061927083333,NaN,NaN,NaN,NaN,NaN,NaN,NaN,NaN,NaN,NaN,NA,NA,NA,NA,NA,NA,NA,1.9345294878952097,4.896984845626434,2.6969783483720593,NA,NA,NA,NA,0.009,0.124,0.001,0.014,0.012,0.1,0.09,0.063,0.068,0.044,0.044,0.036,0.033
WE08,2017,8,3,3.2964479166666667,174.04645833333333,21.22,995.1110385416666,1.04134375,25.1021875,316.58125,8.891354166666666,7.0826875,110.09270833333333,9.071770833333334,2.4720520833333333,0.32034375,18.8953125,NA,NA,NA,NA,NA,NA,NA,4.554498496823545,-2.2746358624039202,0.32228748077261987,NA,NA,NA,NA,0.011,0.152,0.003,0.016,0.009,0.123,0.106,0.074,0.071,0.055,0.052,0.044,0.043
WE08,2017,8,18,6.846614583333333,252.91875,21.827916666666667,987.340665625,0.961375,24.62375,266.45729166666666,9.255520833333334,17.8171875,122.83229166666666,10.214583333333334,1.09125,1.7543229166666667,8.663854166666667,NA,NA,NA,NA,NA,NA,NA,3.4397167064460743,-1.8515005806838907,-6.334195653114375,NA,NA,NA,NA,0.047,0.252,0.001,0.16,0.124,0.241,0.216,0.196,0.194,0.186,0.196,0.175,0.189
WE08,2017,8,23,5.54703125,293.23333333333335,18.150729166666668,992.611709375,1.01875,24.2371875,259.40416666666664,9.2709375,10.683229166666667,116.29583333333333,9.740104166666667,0.8044583333333334,1.2409270833333332,7.698177083333333,NA,NA,NA,NA,NA,NA,NA,2.7360944907097773,2.170602934425416,-5.031251219700024,NA,NA,NA,NA,0.011,0.139,0.001,0.022,0.017,0.118,0.115,0.073,0.086,0.055,0.054,0.047,0.044
WE08,2017,10,2,4.602708333333333,122.21052083333333,15.884270833333334,1004.1436875,1.0989375000000001,20.0090625,238.690625,8.907604166666667,18.076770833333335,106.96979166666667,9.71625,0.6668645833333333,2.0312395833333334,-0.8033541666666667,NA,NA,NA,NA,NA,NA,NA,3.757510256362071,-1.8852596796252006,3.339016305762736,NA,NA,NA,NA,0.013,0.138,0.006,0.011,0.008,0.119,0.123,0.07,0.071,0.041,0.04,0.033,0.029
WE08,2017,10,17,6.635354166666667,229.4625,11.739583333333334,1002.5653114583333,1.0853333333333333,16.874166666666667,246.22916666666666,8.347604166666667,9.187885416666667,99.64270833333333,9.648645833333333,0.42060416666666667,0.7731875,-0.5314895833333333,NA,NA,NA,NA,NA,NA,NA,3.8491054991169946,-4.07802745167928,-4.968642502965867,NA,NA,NA,NA,0.007,0.136,0.001,0.005,0.003,0.116,0.107,0.062,0.06,0.033,0.031,0.025,0.022
WE08,2017,10,22,4.30971875,173.99270833333333,15.199479166666666,999.37114375,1.0540729166666667,16.180625,239.12291666666667,8.468541666666667,4.539864583333333,105.41875,10.358333333333333,0.6194895833333334,0.33586458333333336,-0.06759375,NA,NA,NA,NA,NA,NA,NA,4.817235999095641,-4.1708615132031825,0.4327024797536297,NA,NA,NA,NA,0.007,0.138,0.002,0.006,0.003,0.113,0.097,0.048,0.043,0.027,0.026,0.021,0.018
WE08,2018,5,25,2.837645833333333,191.62916666666666,19.636145833333334,992.219865625,NaN,NaN,NaN,NaN,NaN,NaN,NaN,NaN,NaN,NaN,NA,NA,NA,NA,NA,NA,NA,4.509421732788183,-2.185779314586213,-0.09228366881528152,NA,NA,NA,NA,0.006,0.119,0.001,0.004,0.003,0.095,0.088,0.054,0.061,0.032,0.03,0.024,0.02
WE08,2018,6,4,7.58775,306.40833333333336,16.9128125,989.9728260416666,0.98453125,22.6428125,378.0072916666667,8.2127083333333335,4.093583333333333,89.65208333333334,7.737,0.4371145833333333,-0.07364583333333333,14.185,NA,NA,NA,NA,NA,NA,NA,2.5061473617595245,4.376876701642109,-6.024275938200952,NA,NA,NA,NA,0.016,0.131,0.001,0.032,0.027,0.108,0.092,0.066,0.057,0.049,0.049,0.042,0.043
WE08,2018,6,14,4.05575,318.6644791666667,20.3121875,994.88360625,1.0469583333333334,21.970625000000002,335.59375,8.4190625,10.121885416666666,111.01354166666667,9.692604166666667,3.3459375,0.2898645833333333,8.974572916666666,NA,NA,NA,NA,NA,NA,NA,2.095887722513911,3.2331613898000717,-1.9125794356958263,NA,NA,NA,NA,0.016,0.141,0.002,0.037,0.03,0.117,0.105,0.071,0.064,0.055,0.055,0.048,0.052
WE08,2018,6,24,5.7828333333333335,270.5625416666667,19.1015625,989.4810666666666,0.9916354166666667,22.3196875,288.40520833333335,8.153645833333334,24.446979166666665,91.31979166666666,7.93053125,0.4043125,0.016916666666666667,3.8783125,NA,NA,NA,NA,NA,NA,NA,2.7390753676280792,1.296810248919019,-4.163913650907262,NA,NA,NA,NA,0.008,0.162,0.001,0.016,0.013,0.131,0.109,0.075,0.059,0.041,0.041,0.033,0.032
WE08,2018,6,29,2.4370416666666666,228.95625,23.602604166666666,994.5320572916667,1.0555,24.121979166666666,367.125,8.287604166666666,9.4813125,114.10729166666667,9.5490625,1.6449895833333332,0.20055208333333333,18.387083333333333,NA,NA,NA,NA,NA,NA,NA,3.857941228455216,-1.2496889966147313,-1.2417784445943767,NA,NA,NA,NA,0.01,0.147,0.001,0.026,0.019,0.124,0.118,0.076,0.074,0.054,0.055,0.044,0.044
WE08,2018,7,4,2.7690625,111.17510416666667,24.499375,1002.23909375,1.1377604166666666,25.879479166666666,325.375,8.884479166666667,4.302208333333334,148.44270833333334,12.0475,3.975510416666667,0.6298229166666667,12.515833333333333,NA,NA,NA,NA,NA,NA,NA,4.604613081022736,-1.0667137816235952,2.314154213854591,NA,NA,NA,NA,0.005,0.121,0.001,0.008,0.005,0.09,0.07,0.04,0.033,0.026,0.026,0.02,0.021
WE08,2018,7,9,3.7838854166666667,234.40104166666666,23.3203125,1001.2303625,1.1271562499999999,25.740520833333335,315.5208333333333,8.512395833333333,6.758770833333333,108.08333333333333,8.789385416666667,1.93325,0.2571979166666667,8.83096875,NA,NA,NA,NA,NA,NA,NA,3.7629116867867327,-1.579027858091307,-2.423287424058752,NA,NA,NA,NA,0.01,0.13,0,0.016,0.016,0.107,0.094,0.058,0.05,0.037,0.036,0.029,0.03
WE08,2018,7,14,2.7053541666666665,200.834375,24.770729166666666,996.8339552083334,1.0837916666666667,26.589895833333333,317.53333333333336,8.981145833333333,4.575333333333333,133.278125,10.683020833333334,2.4175625,0.39921875,10.757479166666666,NA,NA,NA,NA,NA,NA,NA,4.348760539039496,-1.8373372236552596,-0.8826220462943856,NA,NA,NA,NA,0.082,0.228,0.007,0.087,0.102,0.196,0.149,0.114,0.111,0.106,0.118,0.12,0.13
WE08,2018,7,19,4.795020833333333,149.96875,21.723333333333333,996.4409802083334,1.0753125000000001,26.4196875,320.6958333333333,8.752916666666666,5.873447916666667,107.49895833333333,8.646979166666666,2.1041041666666667,0.7325625,9.398854166666666,NA,NA,NA,NA,NA,NA,NA,5.171083324424449,-3.7737447897076026,2.1328205020735345,NA,NA,NA,NA,0.023,0.143,0.007,0.038,0.035,0.118,0.106,0.076,0.073,0.062,0.063,0.055,0.06
WE08,2018,8,3,4.109,182.10416666666666,22.195729166666666,995.975475,1.07203125,24.6490625,298.36145833333336,8.9490625,6.46725,123.971875,10.2940625,1.7751770833333333,0.7319583333333334,7.394677083333334,NA,NA,NA,NA,NA,NA,NA,4.6756643440406425,-3.1866844202493803,-0.5676319808125283,NA,NA,NA,NA,0.008,0.145,0.001,0.016,0.011,0.119,0.105,0.063,0.057,0.043,0.043,0.035,0.036
WE08,2018,8,8,4.454177083333334,243.640625,22.5378125,991.083240625,0.9326875,25.294791666666665,276.43854166666665,8.706458333333334,4.25821875,106.69583333333334,8.760479166666666,1.2726979166666668,0.26138541666666665,3.0208541666666666,NA,NA,NA,NA,NA,NA,NA,3.6016505361076736,-1.5349293238293062,-3.5627357612253383,NA,NA,NA,NA,0.015,0.177,0.002,0.034,0.026,0.152,0.138,0.089,0.078,0.065,0.065,0.058,0.057
WE08,2018,8,13,2.817375,113.19839583333334,22.551145833333333,997.5361354166666,0.9996562499999999,26.365,265.85625,8.989791666666667,4.95328125,130.65208333333334,10.520729166666667,1.1755729166666666,0.3486458333333333,1.7221979166666668,NA,NA,NA,NA,NA,NA,NA,2.7367042651171927,0.6496362134470424,1.3108946802296009,NA,NA,NA,NA,0.007,0.135,0.001,0.007,0.004,0.11,0.098,0.053,0.046,0.034,0.033,0.026,0.026
WE08,2018,8,18,4.218760416666667,225.48454166666667,21.126145833333332,993.0767666666667,0.9539583333333332,25.6928125,265.590625,8.733645833333334,5.523177083333334,105.56041666666667,8.60078125,0.88365625,0.44176041666666666,2.29040625,NA,NA,NA,NA,NA,NA,NA,3.2640355000429335,1.097415563548511,-0.7155992433338515,NA,NA,NA,NA,0.011,0.159,0.001,0.012,0.006,0.131,0.113,0.072,0.065,0.053,0.052,0.042,0.043
WE08,2018,8,23,4.362510416666667,273.21501041666664,18.825208333333332,997.9200416666666,1.0016875,25.246979166666666,275.57916666666665,9.010625000000001,8.497885416666666,112.42083333333333,9.239375,1.806625,1.3889583333333333,3.0939791666666667,NA,NA,NA,NA,NA,NA,NA,2.8236807485338957,1.1314662334386782,-3.6634703189439914,NA,NA,NA,NA,0.006,0.122,0.001,0.004,0.002,0.098,0.088,0.048,0.047,0.029,0.028,0.022,0.019
WE08,2018,8,28,7.50521875,230.71666666666667,24.3840625,993.9442770833333,0.9471354166666667,24.615312499999998,342.34375,8.970625,10.059583333333334,114.50729166666666,9.520104166666666,3.021333333333333,1.4704583333333334,9.21353125,NA,NA,NA,NA,NA,NA,NA,3.8272161614148987,-4.534369259547213,-5.496300947142421,NA,NA,NA,NA,0.236,0.456,0.005,0.45,0.435,0.309,0.334,0.381,0.408,0.438,0.467,0.311,0.485
WE08,2018,9,2,5.135677083333333,224.62916666666666,23.6715625,998.2310395833333,0.99978125,25.312395833333333,346.4760416666667,9.1546875,10.983020833333333,131.60104166666667,10.788958333333333,4.4386875,1.5673854166666668,10.490260416666667,NA,NA,NA,NA,NA,NA,NA,3.933463079630054,-3.654970348528842,-3.362542270509626,NA,NA,NA,NA,0.005,0.127,0.001,0.008,0.005,0.1,0.085,0.05,0.05,0.033,0.033,0.025,0.025
WE08,2018,9,7,6.6581875,46.46086458333333,18.976458333333333,1002.2645104166667,1.0362708333333333,25.597604166666667,308.6614583333333,8.840729166666666,12.1625,97.47083333333333,7.959427083333333,2.510854166666667,1.1285416666666668,7.07553125,NA,NA,NA,NA,NA,NA,NA,0.8253511134422938,4.615052025174106,4.409200963190578,NA,NA,NA,NA,0.133,0.281,0.047,0.168,0.16,0.267,0.258,0.226,0.22,0.223,0.237,0.25,0.243
WE13,2015,8,4,7.58540625,272.7,22.997708333333332,1012.1733958333333,NaN,NaN,NaN,NA,NaN,NaN,NaN,NaN,NaN,NaN,NA,NA,NA,NA,NA,NA,NA,3.094468763785946,0.5960478523389784,-7.168547305738465,NA,NA,NaN,NaN,0.009,0.132,0.001,0.015,0.011,0.112,0.103,0.064,0.063,0.041,0.04,0.035,0.032
WE13,2015,8,14,7.970541666666667,223.63541666666666,23.880416666666665,1018.1891354166667,0.9876354166666667,24.011458333333334,246.85520833333334,NA,12.105520833333333,121.57083333333334,NA,0.6667395833333333,1.46325,8.005427083333334,NA,NA,NA,NA,NA,NA,NA,3.950807289071747,-5.769515193195262,-5.395044453528571,NA,NA,9.177291666666667,10.224270833333334,0.019,0.15,0.003,0.026,0.02,0.134,0.123,0.086,0.082,0.062,0.063,0.059,0.055
WE13,2015,8,24,8.727260416666667,259.72291666666666,20.7815625,1011.0260625,0.9098645833333333,23.7940625,222.61979166666666,NA,12.821354166666667,111.72291666666666,NA,0.52127083333333335,1.854125,1.8577395833333332,NA,NA,NA,NA,NA,NA,NA,3.320961595258294,-1.306646130096151,-7.811084584650699,NA,NA,9.0640625,9.435416666666667,0.009,0.132,0.001,0.012,0.009,0.113,0.111,0.062,0.062,0.037,0.035,0.031,0.027
WE13,2016,7,19,4.813336842105263,202.63694736842106,22.328,1022.5142631578948,1.0995473684210526,25.17642105263158,245.04,8.439894736842104,-0.5038315789473684,113.14736842105263,9.312526315789473,0.5758842105263158,0.22786315789473685,1.1342947368421052,NA,NA,NA,NA,NA,NA,NA,2.5976911058190844,1.1761771621122568,-0.6015969439081944,NA,NA,NA,NA,0.007,0.13,0.001,0.008,0.005,0.099,0.074,0.039,0.032,0.027,0.026,0.021,0.021
WE13,2016,8,8,7.376666666666667,69.17375,21.646979166666668,1018.3535729166666,1.07478125,26.396875,228.76666666666665,8.7638541666666665,1.5297395833333334,113.10625,9.104270833333333,1.2875,0.5913645833333333,-1.26684375,NA,NA,NA,NA,NA,NA,NA,1.08343494979113,2.5521557883032786,6.655200891402468,NA,NA,NA,NA,0.007,0.124,0,0.011,0.009,0.1,0.086,0.046,0.039,0.028,0.027,0.023,0.021
WE13,2016,8,28,4.876739583333333,220.24614583333334,22.210625,1021.3385729166666,1.1071250000000001,25.556875,158.16666666666666,8.827395833333334,8.256239583333333,108.5375,8.873020833333333,1.7661666666666667,0.5711666666666667,-1.2669062500000001,NA,NA,NA,NA,NA,NA,NA,3.8790615304556515,-2.677177677650204,-2.3027871568554645,NA,NA,NA,NA,0.005,0.148,0.001,0.004,0.002,0.123,0.109,0.06,0.049,0.029,0.029,0.022,0.02
WE13,2016,10,7,5.135177215189874,157.86075949367088,17.993417721518988,1018.7905949367089,1.0052658227848101,19.345544303797467,251.1018987341772,8.152949367088608,14.801189873417721,92.01949367088608,8.408987341772152,0.3090126582278481,0.15268354430379746,-1.3686455696202533,NA,NA,NA,NA,NA,NA,NA,5.09879162111103,-4.223338575586679,1.6187239774684092,NA,NA,NA,NA,0.006,0.155,0.001,0.003,0.001,0.138,0.125,0.082,0.065,0.033,0.032,0.024,0.02
WE13,2017,6,24,2.1706875,230.584375,19.772916666666667,988.4894864583333,0.9486145833333334,21.553645833333334,232.69166666666666,8.1309375,3.1917395833333333,95.51145833333334,8.4184375,0.6961041666666666,0.12161458333333333,-0.0415,NA,NA,NA,NA,NA,NA,NA,3.829525086571183,-1.3352859606674055,-1.624890264408549,NA,NA,NA,NA,0.013,0.146,0.001,0.03,0.024,0.127,0.107,0.065,0.056,0.047,0.046,0.042,0.043
WE13,2017,7,9,1.6719565217391303,224.99891304347827,21.189021739130435,995.8012641304348,1.0265978260869566,23.5225,251.2445652173913,8.20054347826087,1.0370652173913044,100.81304347826087,8.557282608695653,0.6458369565217391,0.13528260869565217,-1.5732826086956522,NA,NA,NA,NA,NA,NA,NA,3.9270097879573718,-0.6751838638287747,-0.6333222099774601,NA,NA,NA,NA,0.01,0.128,0.001,0.019,0.015,0.104,0.081,0.047,0.04,0.035,0.034,0.03,0.029
WE13,2017,7,14,1.4683854166666668,252.35208333333333,22.804479166666667,992.7646395833333,NaN,NaN,NaN,NaN,NaN,NaN,NaN,NaN,NaN,NaN,NA,NA,NA,NA,NA,NA,NA,3.4496069055407093,-0.3486182198274174,-1.2099016410889112,NA,NA,NA,NA,0.01,0.148,0.001,0.021,0.015,0.122,0.096,0.054,0.046,0.04,0.038,0.034,0.033
WE13,2017,7,29,2.8847604166666665,240.74780208333334,20.020833333333332,993.2822895833333,NaN,NaN,NaN,NaN,NaN,NaN,NaN,NaN,NaN,NaN,NA,NA,NA,NA,NA,NA,NA,1.8195441060866062,2.224174383346236,-0.960487312034379,NA,NA,NA,NA,0.011,0.144,0.001,0.019,0.015,0.128,0.118,0.083,0.069,0.042,0.042,0.036,0.034
WE13,2017,8,3,1.6201354166666666,135.88153125,21.883958333333332,995.321453125,1.0136145833333334,24.898125,158.76041666666666,8.6921875,2.8040208333333334,114.91458333333334,9.509479166666667,0.7983958333333333,0.3084375,-1.5988854166666666,NA,NA,NA,NA,NA,NA,NA,4.107954735064882,-0.8109612342164283,0.7020056273221142,NA,NA,NA,NA,0.009,0.152,0.001,0.008,0.005,0.121,0.097,0.054,0.044,0.036,0.034,0.028,0.029
WE13,2017,8,23,2.096041666666667,249.09791666666666,20.081979166666667,992.4765791666666,NaN,NaN,NaN,NaN,NaN,NaN,NaN,NaN,NaN,NaN,NA,NA,NA,NA,NA,NA,NA,3.5064028282826913,-0.6975012893722673,-1.9041494556703702,NA,NA,NA,NA,0.008,0.133,0.001,0.014,0.01,0.108,0.093,0.055,0.049,0.035,0.034,0.028,0.028
WE13,2017,9,7,1.6150520833333333,190.53229166666668,14.105520833333333,993.4455135416666,0.9876979166666666,20.129375,241.27604166666666,8.7246875,9.34465625,102.58645833333334,9.297291666666666,0.4973125,0.52975,-0.3653125,NA,NA,NA,NA,NA,NA,NA,4.463115966071208,-1.353756284155192,-0.33181094893931823,NA,NA,NA,NA,0.052,0.207,0.008,0.045,0.037,0.186,0.163,0.126,0.118,0.103,0.104,0.097,0.096
WE13,2017,10,2,1.368232558139535,128.52256976744187,16.34593023255814,1004.0176744186047,1.0975232558139536,20.276511627906977,226.91627906976746,8.477906976744185,3.0553255813953486,99.47325581395349,8.989186046511628,0.44376744186046513,0.1928372093023256,-1.3440232558139535,NA,NA,NA,NA,NA,NA,NA,3.7843322716702477,-0.04626449919186325,0.9577726412395714,NA,NA,NA,NA,0.011,0.139,0.005,0.007,0.006,0.113,0.094,0.046,0.039,0.027,0.025,0.021,0.019
WE13,2018,5,25,3.1590625,157.356875,19.9125,994.4149177083333,0.9820729166666666,19.423854166666665,300.59479166666665,9.1340625,19.00375,161.48541666666668,14.805208333333333,9.31878125,0.7615833333333333,6.61478125,NA,NA,NA,NA,NA,NA,NA,3.864038972529371,-1.7787397534879845,0.8303072716067234,NA,NA,NA,NA,0.006,0.138,0.001,0.003,0.002,0.12,0.12,0.078,0.077,0.035,0.033,0.026,0.02
WE13,2018,6,4,9.520479166666666,291.76875,16.6528125,990.0139770833333,0.9195729166666667,19.979895833333334,260.7572916666667,8.171666666666667,4.1189375,98.221875,8.928958333333334,0.64175,0.02978125,1.23203125,NA,NA,NA,NA,NA,NA,NA,2.7616562920462777,3.429715931921796,-8.767076071143434,NA,NA,NA,NA,0.012,0.135,0.001,0.019,0.016,0.101,0.085,0.056,0.048,0.038,0.038,0.027,0.034
WE13,2018,6,14,4.3170520833333335,280.878125,20.520729166666666,994.861846875,0.9749791666666666,21.229895833333334,262.37395833333335,8.051333333333334,8.76575,101.27604166666667,8.976666666666667,0.7647083333333333,0.07010416666666666,1.4546458333333334,NA,NA,NA,NA,NA,NA,NA,2.951733555896285,1.240986203325206,-3.5063994227659783,NA,NA,NA,NA,0.011,0.15,0.001,0.021,0.017,0.138,0.128,0.079,0.062,0.041,0.041,0.036,0.033
WE13,2018,6,24,6.998708333333333,258.4525,19.405,989.5515833333334,0.9172395833333333,21.9465625,260.04375,8.0476875,10.1859375,94.934375,8.303541666666666,0.6898020833333334,0.08145833333333333,1.0914479166666666,NA,NA,NA,NA,NA,NA,NA,2.9504354672651143,0.5551690922581782,-5.695235772066205,NA,NA,NA,NA,0.053,0.29,0.001,0.251,0.215,0.281,0.267,0.252,0.235,0.224,0.235,0.215,0.234
WE13,2018,6,29,3.2643958333333334,195.21666666666667,23.315416666666668,994.631490625,0.9730729166666666,23.4353125,263.71979166666665,8.373854166666668,5.655583333333333,119.753125,10.165,1.33,0.22721875,1.5980625,NA,NA,NA,NA,NA,NA,NA,4.381358198923099,-2.307403978259054,-0.8300608809626122,NA,NA,NA,NA,0.01,0.148,0.001,0.023,0.017,0.127,0.114,0.067,0.06,0.046,0.046,0.04,0.038
WE13,2018,7,4,3.33565625,119.42479166666666,25.515,1002.2450625,1.0610104166666667,26.475520833333334,278.87083333333334,8.675520833333334,1.5057708333333333,126.46770833333333,10.1653125,0.8772916666666667,0.09847916666666667,4.36228125,NA,NA,NA,NA,NA,NA,NA,3.544331014590093,-0.20938028460220615,2.809838684985571,NA,NA,NA,NA,0.005,0.124,0.001,0.004,0.002,0.095,0.077,0.039,0.032,0.027,0.026,0.021,0.021
WE13,2018,7,9,4.0808229166666665,198.76458333333335,23.144270833333334,1001.3405291666667,1.0469270833333333,25.241979166666667,310.703125,8.245625,6.359791666666666,99.30520833333333,8.15728125,0.49734375,0.10373958333333333,6.586697916666667,NA,NA,NA,NA,NA,NA,NA,4.384885218453171,-2.561033631145628,-0.916238763918461,NA,NA,NA,NA,0.008,0.135,0.001,0.011,0.011,0.117,0.106,0.061,0.049,0.031,0.031,0.026,0.024
WE13,2018,7,19,5.8596458333333334,125.97729166666667,21.704583333333332,996.435846875,0.9957395833333333,25.760833333333334,306.00104166666665,8.276145833333333,3.0996145833333335,106.1375,8.640895833333333,0.8391041666666667,0.15851041666666668,5.8191041666666665,NA,NA,NA,NA,NA,NA,NA,4.608065560449337,-3.2177721360910807,4.267488753096129,NA,NA,NA,NA,0.024,0.147,0.011,0.035,0.032,0.123,0.103,0.072,0.065,0.057,0.056,0.051,0.052
WE13,2018,8,3,4.7713125,161.12041666666667,22.265104166666667,996.0675083333333,0.9923229166666666,23.994270833333335,220.796875,8.390625,1.8586354166666668,108.15208333333334,9.1,0.63740625,0.07520833333333334,0.180375,NA,NA,NA,NA,NA,NA,NA,4.1256020136589795,-3.0530927584402474,-0.030632007263010668,NA,NA,NA,NA,0.007,0.139,0.001,0.006,0.003,0.108,0.083,0.043,0.035,0.029,0.028,0.022,0.022
WE13,2018,8,13,3.2259895833333334,60.94238541666667,23.002916666666668,997.46746875,1.1578125,26.009375,235.51458333333332,8.685104166666667,1.28990625,116.84479166666667,9.4728125,0.6586041666666667,0.301125,0.24792708333333333,NA,NA,NA,NA,NA,NA,NA,2.012497527099796,2.0320201422057944,1.5822411679509218,NA,NA,NA,NA,0.007,0.134,0.001,0.007,0.005,0.106,0.089,0.044,0.036,0.028,0.027,0.022,0.021
WE13,2018,8,18,5.028385416666667,212.47760416666668,21.6528125,993.0080510416667,1.11,25.623645833333335,236.64895833333333,8.517291666666667,1.8958229166666667,99.99583333333334,8.163614583333333,0.5265,0.26314583333333336,0.3808958333333333,NA,NA,NA,NA,NA,NA,NA,2.443851833822456,2.38781317930811,-1.0318135614433686,NA,NA,NA,NA,0.01,0.164,0.001,0.015,0.008,0.137,0.113,0.068,0.057,0.049,0.048,0.039,0.04
WE13,2018,8,23,4.871052083333334,258.26875,19.850104166666668,997.9278510416667,1.1648749999999999,24.720104166666665,242.665625,8.630729166666667,4.05946875,107.34375,8.908229166666667,0.9233229166666667,0.6758125,1.2435104166666666,NA,NA,NA,NA,NA,NA,NA,3.3463415914643777,-0.5186952701145147,-4.144568739885462,NA,NA,NA,NA,0.007,0.129,0.001,0.006,0.004,0.105,0.089,0.047,0.04,0.028,0.026,0.021,0.02
WE13,2018,8,28,7.086322916666667,219.04375,24.148645833333333,994.1693322916667,1.1189166666666668,24.893958333333334,236.00208333333333,8.593958333333333,1.7350208333333332,108.41666666666667,8.971041666666666,1.1377708333333334,0.44409375,0.21401041666666668,NA,NA,NA,NA,NA,NA,NA,4.030946990559154,-5.366405091093244,-4.110405522748874,NA,NA,NA,NA,0.006,0.141,0,0.009,0.005,0.111,0.089,0.049,0.04,0.031,0.03,0.024,0.024
WE13,2018,9,2,5.904583333333333,212.478125,23.302083333333332,998.3702416666666,1.1644375,25.2165625,237.29270833333334,8.632916666666667,2.5392083333333333,111.646875,9.181875,1.95278125,0.5567604166666666,0.33836458333333336,NA,NA,NA,NA,NA,NA,NA,4.145538764260406,-4.859305777347132,-3.148926235944898,NA,NA,NA,NA,0.005,0.129,0,0.007,0.004,0.101,0.082,0.042,0.035,0.025,0.024,0.019,0.018
WE13,2018,10,17,11.596770833333334,265.78541666666666,7.453822916666667,997.0568833333333,1.1688749999999999,14.149791666666667,223.07291666666666,8.133750000000001,13.894375,97.11458333333333,9.971354166666666,0.52128125,0.20076041666666666,1.0404791666666666,NA,NA,NA,NA,NA,NA,NA,3.2151510093561373,-0.9830033671057516,-9.963632616080695,NA,NA,NA,NA,0.017,0.19,0.002,0.018,0.015,0.16,0.137,0.085,0.068,0.046,0.042,0.036,0.032
