measure_date,station,B1,B10,B11,B12,B2,B3,B4,B5,B6,B7,B8,B8A,B9
2015-08-04,WE4,0.008,0.127,0.001,0.01,0.008,0.102,0.092,0.052,0.058,0.036,0.037,0.029,0.027
2015-08-14,WE4,0.01,0.15,0.002,0.017,0.012,0.122,0.099,0.057,0.048,0.041,0.04,0.033,0.034
2015-08-24,WE4,0.009,0.126,0.001,0.011,0.008,0.106,0.103,0.058,0.065,0.039,0.037,0.031,0.027
2015-10-23,WE4,0.012,0.151,0.005,0.009,0.008,0.119,0.088,0.047,0.037,0.03,0.028,0.022,0.023
2016-06-29,WE4,0.006,0.119,0.001,0.002,0.001,0.093,0.065,0.027,0.021,0.017,0.014,0.012,0.01
2016-07-19,WE4,0.007,0.129,0.001,0.007,0.005,0.099,0.075,0.04,0.033,0.028,0.026,0.022,0.021
2016-08-08,WE4,0.008,0.121,0.001,0.011,0.008,0.094,0.072,0.038,0.032,0.026,0.024,0.022,0.021
2016-08-28,WE4,0.005,0.15,0.001,0.012,0.002,0.125,0.107,0.06,0.056,0.042,0.031,0.022,0.022
2016-10-07,WE4,0.006,0.147,0,0.003,0.002,0.121,0.1,0.051,0.037,0.023,0.02,0.017,0.015
2016-11-26,WE4,0.014,0.182,0.002,0.015,0.011,0.14,0.094,0.054,0.044,0.037,0.035,0.031,0.026
2017-03-16,WE4,0.01,0.16,0.001,0.003,0.002,0.141,0.127,0.1,0.082,0.043,0.038,0.03,0.023
2017-04-25,WE4,0.045,0.186,0.002,0.061,0.061,0.149,0.135,0.101,0.091,0.082,0.089,0.065,0.089
2017-05-15,WE4,0.007,0.132,0.001,0.006,0.004,0.112,0.097,0.046,0.035,0.023,0.021,0.018,0.015
2017-06-24,WE4,0.012,0.137,0.001,0.028,0.022,0.114,0.091,0.056,0.05,0.044,0.043,0.039,0.039
2017-07-09,WE4,0.009,0.13,0.001,0.018,0.014,0.108,0.083,0.045,0.038,0.034,0.033,0.029,0.029
2017-07-14,WE4,0.008,0.137,0.001,0.009,0.006,0.106,0.079,0.042,0.034,0.029,0.027,0.023,0.022
2017-07-29,WE4,0.01,0.129,0.001,0.019,0.015,0.107,0.094,0.06,0.053,0.038,0.038,0.034,0.031
2017-08-03,WE4,0.008,0.143,0.001,0.007,0.004,0.112,0.089,0.05,0.043,0.035,0.033,0.027,0.027
2017-08-18,WE4,0.045,0.229,0.001,0.135,0.098,0.25,0.223,0.186,0.169,0.147,0.139,0.184,0.127
2017-08-23,WE4,0.009,0.133,0,0.013,0.01,0.11,0.099,0.059,0.059,0.039,0.039,0.032,0.029
2017-09-12,WE4,0.014,0.148,0.004,0.014,0.009,0.12,0.094,0.059,0.048,0.038,0.036,0.027,0.029
2017-10-02,WE4,0.011,0.142,0.005,0.007,0.005,0.116,0.089,0.041,0.033,0.026,0.023,0.021,0.019
2017-10-17,WE4,0.006,0.14,0.001,0.004,0.002,0.115,0.09,0.043,0.033,0.022,0.02,0.016,0.014
2017-10-22,WE4,0.012,0.149,0.006,0.011,0.008,0.117,0.083,0.043,0.035,0.029,0.028,0.023,0.023
2017-11-06,WE4,0.055,0.225,0.002,0.129,0.123,0.212,0.176,0.143,0.131,0.121,0.119,0.127,0.113
2017-11-26,WE4,0.007,0.166,0.001,0.002,0.002,0.137,0.106,0.054,0.04,0.025,0.022,0.018,0.015
2018-03-01,WE4,0.638,0.996,0.179,0.196,0.215,0.971,0.899,0.961,0.969,0.977,0.988,0.954,0.982
2018-03-06,WE4,0.009,0.155,0.001,0.004,0.002,0.132,0.117,0.083,0.066,0.036,0.031,0.026,0.02
2018-03-11,WE4,0.007,0.152,0.001,0.002,0.001,0.134,0.122,0.073,0.054,0.027,0.024,0.019,0.015
2018-03-16,WE4,0.007,0.148,0.001,0.002,0.001,0.128,0.107,0.049,0.036,0.021,0.019,0.015,0.013
2018-03-26,WE4,0.01,0.151,0.001,0.005,0.004,0.132,0.127,0.116,0.105,0.061,0.054,0.045,0.035
2018-04-10,WE4,0.013,0.17,0.002,0.008,0.005,0.148,0.118,0.057,0.044,0.032,0.029,0.025,0.022
2018-04-20,WE4,0.009,0.159,0.001,0.003,0.002,0.146,0.139,0.119,0.102,0.051,0.047,0.038,0.028
2018-04-25,WE4,0.053,0.229,0.008,0.114,0.097,0.215,0.194,0.152,0.137,0.121,0.123,0.114,0.118
2018-04-30,WE4,0.012,0.13,0.001,0.009,0.007,0.104,0.079,0.04,0.033,0.026,0.024,0.021,0.019
2018-05-10,WE4,0.01,0.153,0.001,0.015,0.011,0.121,0.094,0.053,0.045,0.037,0.035,0.031,0.029
2018-05-25,WE4,0.007,0.127,0.001,0.007,0.005,0.104,0.093,0.053,0.044,0.027,0.025,0.021,0.018
2018-06-04,WE4,0.014,0.137,0.001,0.028,0.023,0.118,0.103,0.067,0.058,0.045,0.044,0.04,0.039
2018-06-14,WE4,0.007,0.129,0.001,0.009,0.007,0.101,0.091,0.048,0.044,0.027,0.026,0.022,0.02
2018-06-24,WE4,0.009,0.171,0.001,0.03,0.022,0.154,0.136,0.085,0.067,0.049,0.05,0.044,0.043
2018-06-29,WE4,0.007,0.137,0.001,0.013,0.01,0.111,0.089,0.047,0.038,0.033,0.031,0.028,0.027
2018-07-04,WE4,0.004,0.121,0,0.004,0.002,0.093,0.08,0.043,0.041,0.033,0.033,0.026,0.026
2018-07-09,WE4,0.01,0.129,0.001,0.014,0.014,0.105,0.085,0.046,0.039,0.031,0.03,0.027,0.024
2018-07-24,WE4,0.007,0.15,0.001,0.011,0.007,0.119,0.101,0.06,0.059,0.043,0.042,0.033,0.032
2018-08-03,WE4,0.007,0.142,0.001,0.006,0.004,0.112,0.086,0.045,0.036,0.029,0.028,0.023,0.022
2018-08-13,WE4,0.006,0.133,0.001,0.006,0.004,0.105,0.089,0.045,0.038,0.028,0.027,0.021,0.021
2018-08-18,WE4,0.01,0.15,0.001,0.012,0.007,0.119,0.091,0.056,0.048,0.041,0.039,0.033,0.034
2018-08-23,WE4,0.006,0.126,0.001,0.006,0.004,0.096,0.073,0.039,0.032,0.025,0.024,0.02,0.018
2018-08-28,WE4,0.01,0.146,0.001,0.012,0.008,0.137,0.1,0.055,0.045,0.035,0.034,0.046,0.029
2018-09-02,WE4,0.005,0.128,0.001,0.006,0.003,0.101,0.086,0.046,0.041,0.027,0.025,0.02,0.018
2018-10-12,WE4,0.254,0.553,0.004,0.414,0.308,0.52,0.482,0.502,0.507,0.512,0.53,0.497,0.54
2019-03-16,WE4,0.014,0.158,0.002,0.01,0.008,0.134,0.115,0.066,0.053,0.034,0.032,0.028,0.024
2019-03-26,WE4,0.007,0.13,0.001,0.002,0.001,0.105,0.082,0.037,0.028,0.019,0.017,0.013,0.011
2019-04-15,WE4,0.013,0.158,0.001,0.011,0.009,0.144,0.136,0.124,0.114,0.068,0.064,0.055,0.042
2019-05-05,WE4,0.01,0.148,0.001,0.009,0.007,0.132,0.119,0.068,0.052,0.031,0.029,0.025,0.022
2019-05-15,WE4,0.008,0.15,0.001,0.007,0.005,0.132,0.123,0.081,0.063,0.034,0.033,0.027,0.022
2019-05-25,WE4,0.018,0.145,0.007,0.03,0.022,0.123,0.102,0.068,0.057,0.049,0.048,0.047,0.044
2019-05-30,WE4,0.085,0.224,0.031,0.178,0.131,0.279,0.242,0.23,0.218,0.191,0.168,0.226,0.157
2019-07-04,WE4,0.007,0.144,0,0.02,0.014,0.114,0.092,0.061,0.052,0.043,0.042,0.036,0.037
2019-07-09,WE4,0.028,0.158,0.01,0.029,0.021,0.129,0.1,0.069,0.063,0.06,0.058,0.053,0.052
2019-07-14,WE4,0.006,0.117,0.001,0.005,0.003,0.088,0.063,0.03,0.024,0.02,0.018,0.015,0.014
2019-07-24,WE4,0.01,0.133,0.001,0.011,0.007,0.111,0.109,0.061,0.089,0.057,0.057,0.046,0.039
2019-07-29,WE4,0.01,0.157,0.001,0.022,0.016,0.133,0.125,0.076,0.078,0.056,0.056,0.047,0.046
2019-08-08,WE4,0.009,0.133,0.001,0.019,0.014,0.105,0.08,0.047,0.04,0.036,0.035,0.031,0.031
2019-08-23,WE4,0.008,0.129,0.001,0.007,0.005,0.106,0.1,0.05,0.051,0.032,0.03,0.025,0.022
2019-08-28,WE4,0.008,0.132,0.002,0.011,0.008,0.111,0.105,0.062,0.06,0.038,0.036,0.031,0.028
2019-09-02,WE4,0.006,0.132,0.001,0.004,0.002,0.106,0.097,0.054,0.053,0.03,0.029,0.023,0.02
2019-09-07,WE4,0.013,0.141,0.007,0.015,0.011,0.113,0.085,0.049,0.041,0.035,0.034,0.031,0.029
2019-09-17,WE4,0.016,0.164,0.002,0.032,0.024,0.131,0.099,0.066,0.058,0.053,0.053,0.045,0.047
2019-09-22,WE4,0.006,0.131,0.001,0.007,0.004,0.102,0.08,0.041,0.033,0.026,0.025,0.02,0.02
2019-10-12,WE4,0.009,0.135,0.001,0.004,0.002,0.099,0.068,0.039,0.032,0.024,0.022,0.018,0.015
2019-11-26,WE4,0.009,0.177,0.001,0.005,0.003,0.142,0.098,0.051,0.041,0.034,0.031,0.025,0.024
2020-03-05,WE4,0.008,0.142,0.002,0.004,0.002,0.115,0.082,0.036,0.028,0.022,0.019,0.015,0.014
2020-03-15,WE4,0.006,0.131,0.001,0.003,0.002,0.101,0.074,0.034,0.027,0.02,0.017,0.014,0.012
2020-03-25,WE4,0.008,0.154,0.001,0.004,0.003,0.124,0.091,0.042,0.034,0.027,0.024,0.02,0.018
2020-04-24,WE4,0.009,0.152,0.001,0.007,0.004,0.129,0.109,0.06,0.047,0.033,0.03,0.025,0.023
2020-05-24,WE4,0.009,0.142,0.002,0.016,0.012,0.121,0.099,0.051,0.042,0.035,0.033,0.029,0.028
2020-06-08,WE4,0.007,0.121,0.001,0.011,0.008,0.094,0.071,0.038,0.031,0.026,0.024,0.022,0.02
2020-06-13,WE4,0.014,0.14,0.001,0.028,0.023,0.122,0.107,0.07,0.06,0.045,0.044,0.04,0.04
2020-06-18,WE4,0.009,0.151,0.001,0.025,0.018,0.139,0.134,0.098,0.079,0.05,0.048,0.042,0.039
2020-06-23,WE4,0.009,0.141,0.001,0.025,0.019,0.112,0.088,0.054,0.046,0.042,0.041,0.036,0.036
2020-07-03,WE4,0.005,0.128,0.001,0.004,0.002,0.1,0.079,0.039,0.03,0.024,0.022,0.017,0.016
2020-07-08,WE4,0.007,0.135,0.001,0.006,0.003,0.104,0.078,0.042,0.034,0.029,0.027,0.022,0.022
2020-07-13,WE4,0.006,0.127,0.001,0.002,0.001,0.098,0.072,0.033,0.025,0.019,0.017,0.014,0.013
2020-07-18,WE4,0.017,0.145,0.009,0.025,0.019,0.117,0.093,0.058,0.051,0.046,0.047,0.041,0.041
2020-07-23,WE4,0.007,0.14,0.001,0.014,0.01,0.114,0.095,0.053,0.045,0.036,0.035,0.029,0.029
2020-07-28,WE4,0.008,0.125,0.001,0.013,0.01,0.102,0.09,0.047,0.043,0.031,0.03,0.026,0.025
2020-08-07,WE4,0.007,0.131,0.001,0.005,0.004,0.1,0.072,0.037,0.031,0.026,0.023,0.02,0.018
2020-08-22,WE4,0.006,0.126,0.001,0.004,0.002,0.095,0.072,0.035,0.028,0.025,0.023,0.018,0.017
2020-08-27,WE4,0.009,0.141,0.001,0.011,0.008,0.113,0.09,0.05,0.042,0.035,0.034,0.029,0.028
2015-08-04,WE2,0.009,0.126,0.001,0.014,0.01,0.101,0.09,0.058,0.07,0.046,0.045,0.038,0.032
2015-08-14,WE2,0.015,0.158,0.001,0.017,0.012,0.106,0.087,0.052,0.099,0.076,0.078,0.04,0.057
2015-08-24,WE2,0.01,0.127,0,0.012,0.009,0.105,0.103,0.061,0.072,0.042,0.04,0.035,0.029
2015-10-23,WE2,0.01,0.157,0.002,0.011,0.01,0.129,0.11,0.073,0.057,0.037,0.034,0.027,0.026
2016-06-29,WE2,0.012,0.131,0.001,0.018,0.015,0.107,0.088,0.047,0.04,0.034,0.033,0.03,0.028
2016-07-19,WE2,0.007,0.127,0.001,0.006,0.003,0.1,0.085,0.045,0.044,0.034,0.033,0.026,0.024
2016-08-08,WE2,0.009,0.125,0,0.011,0.009,0.105,0.101,0.061,0.064,0.036,0.035,0.03,0.026
2016-08-28,WE2,0.005,0.16,0.001,0.005,0.003,0.137,0.123,0.075,0.058,0.035,0.035,0.026,0.024
2016-10-07,WE2,0.007,0.16,0,0.004,0.002,0.141,0.132,0.094,0.076,0.038,0.039,0.029,0.024
2016-11-26,WE2,0.014,0.19,0.001,0.015,0.013,0.147,0.106,0.064,0.053,0.04,0.038,0.033,0.03
2017-03-16,WE2,0.011,0.162,0.001,0.004,0.002,0.142,0.133,0.121,0.111,0.065,0.058,0.048,0.037
2017-04-25,WE2,0.059,0.22,0.003,0.108,0.1,0.216,0.217,0.212,0.195,0.151,0.152,0.142,0.134
2017-05-15,WE2,0.011,0.14,0.001,0.009,0.007,0.124,0.127,0.123,0.11,0.057,0.055,0.045,0.034
2017-06-24,WE2,0.012,0.131,0.001,0.022,0.015,0.107,0.09,0.056,0.05,0.04,0.04,0.037,0.034
2017-07-09,WE2,0.01,0.126,0.001,0.018,0.014,0.099,0.081,0.049,0.042,0.034,0.033,0.029,0.028
2017-07-14,WE2,0.008,0.146,0.001,0.006,0.004,0.119,0.109,0.087,0.069,0.039,0.038,0.029,0.026
2017-07-29,WE2,0.012,0.148,0.001,0.018,0.014,0.135,0.139,0.128,0.138,0.089,0.091,0.075,0.063
2017-08-18,WE2,0.126,0.395,0.002,0.313,0.276,0.343,0.322,0.318,0.318,0.317,0.331,0.296,0.332
2017-08-23,WE2,0.01,0.139,0.001,0.013,0.008,0.114,0.11,0.063,0.071,0.043,0.043,0.036,0.032
2017-10-02,WE2,0.016,0.144,0.007,0.011,0.008,0.117,0.106,0.056,0.051,0.036,0.034,0.028,0.027
2017-10-17,WE2,0.006,0.146,0.001,0.004,0.003,0.126,0.116,0.072,0.061,0.032,0.03,0.024,0.02
2017-10-22,WE2,0.008,0.15,0.003,0.007,0.005,0.124,0.107,0.056,0.045,0.029,0.028,0.022,0.02
2017-11-06,WE2,0.011,0.18,0.001,0.011,0.008,0.154,0.138,0.097,0.08,0.046,0.043,0.036,0.03
2017-11-26,WE2,0.007,0.158,0.001,0.004,0.002,0.132,0.117,0.082,0.065,0.035,0.031,0.025,0.02
2018-03-01,WE2,0.637,1.033,0.145,0.228,0.234,1.017,0.942,1.006,1.011,1.023,1.032,1,1.022
2018-03-06,WE2,0.017,0.165,0.001,0.004,0.002,0.148,0.151,0.171,0.173,0.13,0.125,0.106,0.086
2018-03-11,WE2,0.008,0.135,0.001,0.003,0.002,0.111,0.088,0.044,0.033,0.022,0.019,0.015,0.014
2018-03-16,WE2,0.008,0.137,0.001,0.003,0.002,0.115,0.1,0.055,0.04,0.023,0.02,0.016,0.013
2018-03-26,WE2,0.012,0.158,0.001,0.005,0.004,0.14,0.136,0.13,0.124,0.078,0.072,0.06,0.047
2018-04-05,WE2,0.012,0.157,0.002,0.008,0.005,0.139,0.13,0.103,0.086,0.046,0.041,0.035,0.027
2018-04-10,WE2,0.025,0.2,0.002,0.022,0.017,0.179,0.156,0.088,0.071,0.053,0.051,0.044,0.041
2018-04-20,WE2,0.01,0.153,0.001,0.005,0.004,0.138,0.133,0.098,0.077,0.038,0.035,0.028,0.022
2018-04-30,WE2,0.011,0.134,0.001,0.006,0.004,0.112,0.098,0.054,0.041,0.027,0.024,0.02,0.017
2018-05-25,WE2,0.008,0.124,0.001,0.004,0.003,0.098,0.093,0.058,0.061,0.031,0.029,0.022,0.018
2018-06-04,WE2,0.014,0.138,0.001,0.03,0.025,0.121,0.112,0.081,0.068,0.049,0.049,0.044,0.043
2018-06-14,WE2,0.013,0.142,0.002,0.026,0.022,0.128,0.123,0.083,0.068,0.047,0.047,0.042,0.04
2018-06-24,WE2,0.009,0.174,0.001,0.029,0.023,0.157,0.15,0.123,0.102,0.063,0.065,0.055,0.05
2018-06-29,WE2,0.007,0.135,0.001,0.011,0.007,0.111,0.099,0.067,0.056,0.036,0.035,0.028,0.027
2018-07-09,WE2,0.012,0.131,0.001,0.018,0.017,0.108,0.096,0.062,0.053,0.039,0.038,0.032,0.031
2018-08-03,WE2,0.008,0.145,0.001,0.008,0.005,0.117,0.104,0.058,0.051,0.037,0.035,0.029,0.027
2018-08-13,WE2,0.006,0.134,0.001,0.007,0.005,0.108,0.096,0.051,0.044,0.031,0.029,0.024,0.023
2018-08-18,WE2,0.01,0.154,0.001,0.01,0.004,0.128,0.114,0.069,0.062,0.046,0.045,0.036,0.035
2018-08-23,WE2,0.007,0.128,0,0.005,0.003,0.101,0.092,0.052,0.053,0.03,0.03,0.023,0.02
2018-08-28,WE2,0.135,0.293,0.004,0.192,0.195,0.173,0.183,0.174,0.182,0.183,0.203,0.108,0.218
2018-09-02,WE2,0.005,0.137,0,0.006,0.004,0.113,0.107,0.053,0.044,0.028,0.028,0.021,0.02
2018-10-22,WE2,0.008,0.131,0.002,0.006,0.004,0.1,0.077,0.044,0.035,0.025,0.023,0.02,0.018
2019-03-26,WE2,0.008,0.147,0.001,0.003,0.002,0.131,0.132,0.121,0.106,0.053,0.048,0.039,0.028
2019-04-15,WE2,0.018,0.157,0.001,0.011,0.008,0.142,0.146,0.151,0.146,0.093,0.09,0.076,0.058
2019-05-05,WE2,0.01,0.141,0.001,0.006,0.004,0.125,0.128,0.113,0.095,0.047,0.044,0.035,0.026
2019-05-15,WE2,0.01,0.153,0.001,0.005,0.004,0.136,0.139,0.127,0.108,0.055,0.052,0.041,0.032
2019-05-25,WE2,0.021,0.164,0.007,0.038,0.03,0.167,0.156,0.134,0.112,0.076,0.076,0.086,0.063
2019-05-30,WE2,0.072,0.251,0.003,0.154,0.159,0.216,0.21,0.209,0.198,0.169,0.177,0.147,0.168
2019-06-29,WE2,0.018,0.151,0.008,0.038,0.028,0.126,0.114,0.086,0.083,0.065,0.066,0.058,0.058
2019-07-04,WE2,0.007,0.151,0.001,0.019,0.011,0.121,0.099,0.068,0.057,0.046,0.046,0.037,0.038
2019-07-09,WE2,0.02,0.146,0.005,0.025,0.018,0.123,0.111,0.079,0.072,0.054,0.052,0.047,0.045
2019-07-14,WE2,0.008,0.124,0.001,0.011,0.008,0.099,0.089,0.053,0.054,0.035,0.034,0.029,0.025
2019-07-24,WE2,0.011,0.132,0.001,0.013,0.009,0.108,0.098,0.058,0.063,0.044,0.043,0.036,0.033
2019-08-03,WE2,0.013,0.136,0.001,0.01,0.006,0.113,0.106,0.063,0.079,0.056,0.055,0.045,0.043
2019-08-08,WE2,0.01,0.14,0.001,0.022,0.017,0.118,0.112,0.071,0.072,0.05,0.05,0.043,0.041
2019-08-23,WE2,0.009,0.133,0.001,0.007,0.005,0.111,0.108,0.069,0.085,0.048,0.048,0.038,0.032
2019-08-28,WE2,0.009,0.136,0.001,0.011,0.008,0.117,0.112,0.073,0.076,0.045,0.044,0.036,0.032
2019-09-02,WE2,0.006,0.14,0.001,0.006,0.003,0.121,0.121,0.08,0.091,0.052,0.051,0.039,0.033
2019-09-07,WE2,0.011,0.139,0.003,0.011,0.008,0.112,0.101,0.064,0.064,0.043,0.04,0.033,0.031
2019-09-17,WE2,0.077,0.299,0.005,0.222,0.193,0.275,0.255,0.242,0.23,0.222,0.23,0.209,0.226
2019-09-22,WE2,0.005,0.14,0.001,0.008,0.005,0.118,0.106,0.067,0.053,0.034,0.033,0.027,0.026
2019-10-12,WE2,0.016,0.161,0.003,0.024,0.012,0.155,0.143,0.109,0.092,0.052,0.05,0.057,0.035
2019-10-17,WE2,0.016,0.146,0.002,0.016,0.016,0.127,0.104,0.067,0.056,0.038,0.038,0.039,0.031
2019-11-16,WE2,0.076,0.261,0.002,0.188,0.209,0.235,0.205,0.202,0.196,0.18,0.185,0.173,0.182
2019-11-26,WE2,0.033,0.198,0.002,0.063,0.059,0.162,0.117,0.083,0.08,0.074,0.075,0.059,0.068
2020-03-05,WE2,0.007,0.141,0.001,0.004,0.002,0.115,0.092,0.041,0.031,0.022,0.02,0.016,0.014
2020-03-15,WE2,0.008,0.153,0.001,0.003,0.002,0.135,0.137,0.12,0.101,0.051,0.045,0.036,0.027
2020-03-25,WE2,0.01,0.17,0.001,0.004,0.003,0.152,0.155,0.155,0.143,0.081,0.075,0.06,0.046
2020-04-09,WE2,0.017,0.185,0.002,0.012,0.009,0.164,0.164,0.159,0.142,0.079,0.074,0.061,0.048
2020-04-24,WE2,0.01,0.169,0.001,0.007,0.004,0.151,0.148,0.113,0.094,0.051,0.047,0.038,0.032
2020-05-04,WE2,0.063,0.203,0.003,0.121,0.095,0.183,0.172,0.143,0.135,0.117,0.117,0.11,0.113
2020-05-24,WE2,0.012,0.149,0.004,0.017,0.011,0.135,0.135,0.142,0.13,0.083,0.084,0.068,0.057
2020-06-08,WE2,0.007,0.141,0.001,0.012,0.01,0.126,0.122,0.086,0.066,0.038,0.037,0.031,0.028
2020-06-13,WE2,0.016,0.154,0.001,0.026,0.021,0.14,0.142,0.129,0.114,0.068,0.067,0.058,0.051
2020-06-18,WE2,0.01,0.161,0.001,0.023,0.018,0.149,0.15,0.124,0.104,0.059,0.059,0.049,0.045
2020-07-03,WE2,0.006,0.129,0.001,0.005,0.003,0.1,0.08,0.041,0.033,0.025,0.023,0.019,0.017
2020-07-08,WE2,0.006,0.14,0.001,0.007,0.004,0.113,0.089,0.046,0.036,0.03,0.028,0.022,0.022
2020-07-13,WE2,0.007,0.126,0.001,0.004,0.002,0.096,0.078,0.039,0.033,0.024,0.022,0.017,0.016
2020-07-23,WE2,0.017,0.169,0.001,0.046,0.039,0.137,0.117,0.082,0.073,0.066,0.07,0.056,0.064
2020-07-28,WE2,0.01,0.129,0.001,0.016,0.013,0.105,0.095,0.055,0.052,0.037,0.036,0.031,0.03
2020-08-07,WE2,0.009,0.135,0.001,0.007,0.004,0.108,0.095,0.051,0.046,0.031,0.029,0.023,0.021
2020-08-22,WE2,0.008,0.128,0.001,0.006,0.003,0.103,0.099,0.051,0.053,0.037,0.036,0.028,0.027
2020-08-27,WE2,0.009,0.142,0.001,0.013,0.008,0.117,0.112,0.067,0.075,0.049,0.05,0.04,0.038
2015-08-04,WE8,0.01,0.127,0.001,0.014,0.011,0.102,0.095,0.06,0.081,0.052,0.052,0.041,0.037
2015-10-23,WE8,0.008,0.152,0.003,0.006,0.004,0.129,0.109,0.068,0.053,0.032,0.03,0.025,0.022
2016-06-29,WE8,0.016,0.129,0.001,0.027,0.022,0.104,0.083,0.053,0.048,0.043,0.042,0.036,0.039
2016-07-19,WE8,0.009,0.134,0.001,0.013,0.011,0.109,0.102,0.056,0.061,0.042,0.042,0.034,0.034
2016-08-08,WE8,0.009,0.121,0.001,0.011,0.009,0.1,0.098,0.056,0.064,0.037,0.037,0.028,0.026
2016-10-07,WE8,0.005,0.146,0.001,0.004,0.001,0.127,0.116,0.07,0.056,0.031,0.029,0.023,0.02
2017-03-16,WE8,0.01,0.161,0.001,0.004,0.003,0.142,0.133,0.11,0.093,0.048,0.043,0.035,0.027
2017-05-15,WE8,0.009,0.124,0.001,0.012,0.009,0.102,0.093,0.056,0.048,0.031,0.03,0.024,0.023
2017-06-24,WE8,0.016,0.14,0.001,0.036,0.029,0.112,0.094,0.063,0.056,0.051,0.051,0.042,0.047
2017-07-09,WE8,0.01,0.126,0.001,0.019,0.016,0.1,0.08,0.049,0.041,0.037,0.036,0.031,0.033
2017-07-14,WE8,0.011,0.142,0.001,0.021,0.017,0.11,0.086,0.058,0.049,0.045,0.043,0.035,0.037
2017-07-29,WE8,0.009,0.124,0.001,0.014,0.012,0.1,0.09,0.063,0.068,0.044,0.044,0.036,0.033
2017-08-03,WE8,0.011,0.152,0.003,0.016,0.009,0.123,0.106,0.074,0.071,0.055,0.052,0.044,0.043
2017-08-18,WE8,0.047,0.252,0.001,0.16,0.124,0.241,0.216,0.196,0.194,0.186,0.196,0.175,0.189
2017-08-23,WE8,0.011,0.139,0.001,0.022,0.017,0.118,0.115,0.073,0.086,0.055,0.054,0.047,0.044
2017-10-02,WE8,0.013,0.138,0.006,0.011,0.008,0.119,0.123,0.07,0.071,0.041,0.04,0.033,0.029
2017-10-17,WE8,0.007,0.136,0.001,0.005,0.003,0.116,0.107,0.062,0.06,0.033,0.031,0.025,0.022
2017-10-22,WE8,0.007,0.138,0.002,0.006,0.003,0.113,0.097,0.048,0.043,0.027,0.026,0.021,0.018
2017-11-06,WE8,0.009,0.165,0.001,0.005,0.003,0.138,0.113,0.064,0.05,0.033,0.029,0.024,0.023
2017-11-26,WE8,0.013,0.172,0.001,0.003,0.002,0.156,0.155,0.17,0.168,0.122,0.116,0.096,0.077
2018-03-01,WE8,0.651,0.963,0.228,0.262,0.276,0.941,0.871,0.925,0.936,0.944,0.955,0.928,0.944
2018-03-06,WE8,0.012,0.162,0.001,0.005,0.003,0.144,0.142,0.145,0.138,0.087,0.08,0.065,0.051
2018-03-11,WE8,0.007,0.138,0.001,0.002,0.001,0.117,0.101,0.054,0.04,0.023,0.021,0.017,0.015
2018-03-16,WE8,0.007,0.133,0.001,0.003,0.002,0.113,0.1,0.058,0.043,0.024,0.021,0.017,0.014
2018-03-26,WE8,0.011,0.151,0.001,0.007,0.005,0.134,0.129,0.117,0.105,0.06,0.055,0.045,0.035
2018-04-05,WE8,0.037,0.17,0.01,0.097,0.059,0.2,0.177,0.137,0.122,0.103,0.094,0.119,0.08
2018-04-20,WE8,0.013,0.148,0.001,0.01,0.008,0.134,0.135,0.113,0.094,0.048,0.044,0.037,0.031
2018-04-30,WE8,0.01,0.124,0.002,0.006,0.004,0.099,0.081,0.044,0.035,0.024,0.023,0.019,0.017
2018-05-25,WE8,0.006,0.119,0.001,0.004,0.003,0.095,0.088,0.054,0.061,0.032,0.03,0.024,0.02
2018-06-04,WE8,0.016,0.131,0.001,0.032,0.027,0.108,0.092,0.066,0.057,0.049,0.049,0.042,0.043
2018-06-14,WE8,0.016,0.141,0.002,0.037,0.03,0.117,0.105,0.071,0.064,0.055,0.055,0.048,0.052
2018-06-24,WE8,0.008,0.162,0.001,0.016,0.013,0.131,0.109,0.075,0.059,0.041,0.041,0.033,0.032
2018-06-29,WE8,0.01,0.147,0.001,0.026,0.019,0.124,0.118,0.076,0.074,0.054,0.055,0.044,0.044
2018-07-04,WE8,0.005,0.121,0.001,0.008,0.005,0.09,0.07,0.04,0.033,0.026,0.026,0.02,0.021
2018-07-09,WE8,0.01,0.13,0,0.016,0.016,0.107,0.094,0.058,0.05,0.037,0.036,0.029,0.03
2018-07-14,WE8,0.082,0.228,0.007,0.087,0.102,0.196,0.149,0.114,0.111,0.106,0.118,0.12,0.13
2018-07-19,WE8,0.023,0.143,0.007,0.038,0.035,0.118,0.106,0.076,0.073,0.062,0.063,0.055,0.06
2018-08-03,WE8,0.008,0.145,0.001,0.016,0.011,0.119,0.105,0.063,0.057,0.043,0.043,0.035,0.036
2018-08-08,WE8,0.015,0.177,0.002,0.034,0.026,0.152,0.138,0.089,0.078,0.065,0.065,0.058,0.057
2018-08-13,WE8,0.007,0.135,0.001,0.007,0.004,0.11,0.098,0.053,0.046,0.034,0.033,0.026,0.026
2018-08-18,WE8,0.011,0.159,0.001,0.012,0.006,0.131,0.113,0.072,0.065,0.053,0.052,0.042,0.043
2018-08-23,WE8,0.006,0.122,0.001,0.004,0.002,0.098,0.088,0.048,0.047,0.029,0.028,0.022,0.019
2018-08-28,WE8,0.236,0.456,0.005,0.45,0.435,0.309,0.334,0.381,0.408,0.438,0.467,0.311,0.485
2018-09-02,WE8,0.005,0.127,0.001,0.008,0.005,0.1,0.085,0.05,0.05,0.033,0.033,0.025,0.025
2018-09-07,WE8,0.133,0.281,0.047,0.168,0.16,0.267,0.258,0.226,0.22,0.223,0.237,0.25,0.243
2019-03-26,WE8,0.007,0.136,0.001,0.003,0.002,0.117,0.106,0.062,0.046,0.025,0.022,0.018,0.015
2019-04-15,WE8,0.018,0.162,0.001,0.018,0.015,0.148,0.146,0.136,0.126,0.076,0.074,0.06,0.051
2019-05-05,WE8,0.014,0.14,0.001,0.017,0.014,0.123,0.115,0.075,0.06,0.04,0.038,0.032,0.032
2019-05-15,WE8,0.008,0.141,0.001,0.006,0.003,0.121,0.112,0.072,0.055,0.032,0.031,0.025,0.022
2019-05-25,WE8,0.023,0.178,0.006,0.043,0.035,0.162,0.168,0.16,0.14,0.091,0.095,0.076,0.079
2019-07-04,WE8,0.007,0.151,0.001,0.022,0.016,0.12,0.099,0.069,0.06,0.049,0.05,0.039,0.044
2019-07-09,WE8,0.024,0.154,0.005,0.029,0.021,0.129,0.109,0.078,0.07,0.061,0.061,0.053,0.054
2019-07-14,WE8,0.01,0.126,0.001,0.019,0.015,0.1,0.087,0.058,0.05,0.039,0.039,0.031,0.033
2019-07-19,WE8,0.021,0.162,0.01,0.04,0.03,0.14,0.129,0.091,0.101,0.08,0.085,0.072,0.073
2019-07-24,WE8,0.011,0.13,0.001,0.012,0.009,0.11,0.105,0.063,0.092,0.062,0.063,0.05,0.045
2019-08-03,WE8,0.02,0.159,0.003,0.022,0.017,0.136,0.141,0.09,0.111,0.075,0.077,0.061,0.06
2019-08-08,WE8,0.086,0.309,0.002,0.371,0.311,0.331,0.321,0.322,0.326,0.327,0.343,0.327,0.346
2019-08-28,WE8,0.01,0.133,0.002,0.012,0.008,0.113,0.109,0.072,0.078,0.049,0.049,0.039,0.036
2019-09-02,WE8,0.006,0.131,0.001,0.005,0.003,0.108,0.103,0.063,0.071,0.04,0.04,0.03,0.027
2019-09-07,WE8,0.01,0.142,0.001,0.019,0.013,0.123,0.112,0.075,0.069,0.049,0.048,0.042,0.04
2019-09-17,WE8,0.02,0.173,0.008,0.024,0.018,0.148,0.127,0.086,0.074,0.06,0.06,0.052,0.053
2019-09-22,WE8,0.006,0.142,0.001,0.007,0.005,0.123,0.115,0.077,0.062,0.037,0.036,0.029,0.026
2019-10-12,WE8,0.085,0.202,0.008,0.122,0.138,0.146,0.143,0.123,0.126,0.115,0.125,0.07,0.13
2019-11-26,WE8,0.01,0.17,0.001,0.006,0.004,0.143,0.112,0.064,0.051,0.038,0.035,0.028,0.026
2020-03-05,WE8,0.009,0.135,0.003,0.005,0.004,0.111,0.087,0.042,0.033,0.025,0.023,0.019,0.017
2020-03-10,WE8,0.03,0.23,0.002,0.079,0.077,0.185,0.147,0.106,0.095,0.088,0.089,0.076,0.084
2020-03-15,WE8,0.007,0.138,0.001,0.004,0.002,0.117,0.097,0.047,0.035,0.024,0.021,0.017,0.015
2020-03-25,WE8,0.008,0.146,0.001,0.004,0.002,0.124,0.111,0.067,0.052,0.03,0.027,0.022,0.019
2020-04-04,WE8,0.019,0.157,0.001,0.04,0.022,0.141,0.114,0.082,0.071,0.062,0.06,0.06,0.049
2020-04-24,WE8,0.13,0.284,0.011,0.246,0.213,0.263,0.259,0.245,0.237,0.218,0.221,0.209,0.219
2020-05-04,WE8,0.151,0.29,0.008,0.299,0.253,0.273,0.266,0.258,0.256,0.243,0.247,0.239,0.251
2020-05-24,WE8,0.009,0.148,0.002,0.01,0.007,0.137,0.145,0.144,0.13,0.074,0.075,0.058,0.048
2020-06-08,WE8,0.01,0.14,0.001,0.023,0.018,0.119,0.11,0.075,0.062,0.043,0.044,0.036,0.039
2020-06-13,WE8,0.017,0.151,0.001,0.03,0.026,0.135,0.135,0.122,0.108,0.068,0.068,0.057,0.053
2020-06-18,WE8,0.019,0.167,0.006,0.038,0.03,0.153,0.155,0.134,0.118,0.078,0.08,0.065,0.066
2020-06-23,WE8,0.011,0.163,0.001,0.034,0.027,0.139,0.13,0.089,0.08,0.058,0.059,0.049,0.051
2020-06-28,WE8,0.02,0.142,0.007,0.033,0.026,0.114,0.102,0.067,0.063,0.054,0.056,0.046,0.052
2020-07-03,WE8,0.006,0.129,0.001,0.006,0.004,0.105,0.091,0.05,0.041,0.028,0.028,0.022,0.021
2020-07-08,WE8,0.006,0.137,0.001,0.008,0.004,0.109,0.09,0.052,0.042,0.033,0.032,0.025,0.026
2020-07-13,WE8,0.038,0.178,0.001,0.075,0.072,0.16,0.141,0.106,0.101,0.093,0.095,0.09,0.091
2020-07-23,WE8,0.008,0.14,0.001,0.015,0.011,0.113,0.095,0.056,0.052,0.041,0.041,0.033,0.034
2020-07-28,WE8,0.01,0.131,0.001,0.02,0.016,0.108,0.099,0.058,0.053,0.04,0.04,0.033,0.034
2020-08-07,WE8,0.008,0.134,0.001,0.008,0.006,0.109,0.102,0.053,0.05,0.033,0.032,0.025,0.024
2020-08-22,WE8,0.008,0.127,0.001,0.006,0.003,0.104,0.106,0.054,0.058,0.039,0.038,0.03,0.028
2020-08-27,WE8,0.01,0.143,0.001,0.014,0.009,0.117,0.105,0.063,0.056,0.044,0.043,0.036,0.037
2015-08-04,WE6,0.01,0.124,0.001,0.016,0.013,0.095,0.076,0.053,0.048,0.038,0.037,0.031,0.031
2015-10-23,WE6,0.017,0.167,0.007,0.014,0.011,0.145,0.139,0.117,0.103,0.062,0.06,0.049,0.043
2016-06-09,WE6,0.12,0.263,0.006,0.264,0.216,0.239,0.23,0.223,0.23,0.246,0.259,0.229,0.26
2016-06-29,WE6,0.007,0.113,0.001,0.003,0.003,0.088,0.077,0.046,0.045,0.024,0.023,0.018,0.016
2016-07-19,WE6,0.006,0.126,0.001,0.005,0.003,0.095,0.078,0.044,0.042,0.031,0.03,0.023,0.022
2016-08-08,WE6,0.01,0.128,0.001,0.01,0.009,0.112,0.118,0.076,0.092,0.049,0.049,0.04,0.033
2016-08-28,WE6,0.005,0.154,0.001,0.005,0.001,0.134,0.136,0.085,0.083,0.044,0.046,0.034,0.03
2016-10-07,WE6,0.006,0.144,0.001,0.003,0.001,0.128,0.12,0.071,0.055,0.029,0.028,0.022,0.019
2016-11-26,WE6,0.159,0.355,0.003,0.2,0.179,0.289,0.257,0.229,0.221,0.206,0.206,0.209,0.199
2017-03-16,WE6,0.011,0.161,0.001,0.003,0.002,0.145,0.141,0.134,0.125,0.071,0.065,0.053,0.04
2017-04-25,WE6,0.014,0.162,0.001,0.016,0.013,0.144,0.152,0.159,0.146,0.092,0.093,0.071,0.062
2017-05-15,WE6,0.01,0.135,0.001,0.016,0.013,0.119,0.12,0.116,0.102,0.058,0.056,0.045,0.04
2017-06-24,WE6,0.013,0.137,0.001,0.03,0.025,0.112,0.1,0.074,0.063,0.051,0.051,0.043,0.046
2017-07-09,WE6,0.008,0.122,0.001,0.012,0.009,0.097,0.081,0.056,0.045,0.033,0.032,0.026,0.025
2017-07-14,WE6,0.074,0.267,0.002,0.22,0.175,0.266,0.271,0.29,0.282,0.261,0.268,0.243,0.245
2017-07-29,WE6,0.014,0.155,0.001,0.019,0.016,0.147,0.158,0.169,0.18,0.142,0.149,0.128,0.112
2017-08-23,WE6,0.103,0.285,0.001,0.211,0.165,0.215,0.206,0.197,0.225,0.236,0.263,0.175,0.287
2017-09-07,WE6,0.045,0.202,0.009,0.044,0.034,0.181,0.171,0.131,0.133,0.107,0.112,0.098,0.1
2017-10-02,WE6,0.013,0.14,0.006,0.011,0.008,0.124,0.133,0.088,0.097,0.053,0.051,0.042,0.035
2017-10-17,WE6,0.007,0.138,0.001,0.004,0.003,0.121,0.115,0.076,0.063,0.034,0.031,0.024,0.021
2017-10-22,WE6,0.007,0.135,0.002,0.006,0.004,0.112,0.096,0.053,0.042,0.028,0.026,0.021,0.02
2017-11-06,WE6,0.052,0.217,0.002,0.122,0.125,0.205,0.183,0.17,0.164,0.137,0.136,0.131,0.126
2017-11-26,WE6,0.014,0.162,0.001,0.003,0.002,0.143,0.14,0.159,0.162,0.124,0.12,0.102,0.084
2018-03-06,WE6,0.02,0.161,0.001,0.004,0.002,0.147,0.151,0.177,0.182,0.147,0.145,0.125,0.108
2018-03-11,WE6,0.008,0.137,0.001,0.003,0.001,0.115,0.106,0.104,0.095,0.056,0.05,0.04,0.031
2018-03-16,WE6,0.008,0.141,0.001,0.002,0.002,0.124,0.122,0.109,0.094,0.046,0.04,0.032,0.024
2018-03-26,WE6,0.018,0.158,0.001,0.005,0.004,0.147,0.157,0.172,0.172,0.13,0.126,0.11,0.092
2018-04-05,WE6,0.012,0.138,0.002,0.007,0.004,0.119,0.109,0.097,0.092,0.056,0.051,0.044,0.032
2018-04-10,WE6,0.117,0.29,0.009,0.293,0.242,0.352,0.337,0.364,0.368,0.336,0.338,0.324,0.312
2018-04-20,WE6,0.011,0.146,0.001,0.003,0.002,0.134,0.142,0.152,0.146,0.086,0.081,0.065,0.048
2018-04-30,WE6,0.012,0.132,0.001,0.008,0.006,0.113,0.109,0.094,0.08,0.041,0.039,0.032,0.026
2018-05-25,WE6,0.006,0.113,0.001,0.003,0.002,0.087,0.075,0.046,0.053,0.029,0.027,0.021,0.018
2018-06-04,WE6,0.017,0.138,0.001,0.031,0.026,0.119,0.117,0.105,0.096,0.063,0.062,0.052,0.051
2018-06-14,WE6,0.015,0.137,0.002,0.028,0.023,0.118,0.119,0.093,0.099,0.062,0.064,0.052,0.049
2018-06-29,WE6,0.008,0.135,0.001,0.019,0.015,0.112,0.107,0.089,0.08,0.049,0.049,0.04,0.038
2018-07-04,WE6,0.007,0.12,0.003,0.009,0.005,0.094,0.077,0.046,0.044,0.031,0.032,0.026,0.025
2018-07-09,WE6,0.012,0.126,0.001,0.019,0.018,0.1,0.091,0.058,0.058,0.041,0.04,0.033,0.033
2018-08-03,WE6,0.009,0.151,0.001,0.011,0.006,0.123,0.109,0.068,0.062,0.046,0.046,0.038,0.037
2018-08-13,WE6,0.007,0.13,0.001,0.007,0.005,0.105,0.097,0.056,0.053,0.036,0.036,0.028,0.028
2018-08-18,WE6,0.009,0.147,0.001,0.01,0.005,0.118,0.103,0.065,0.064,0.052,0.053,0.043,0.042
2018-08-23,WE6,0.007,0.119,0.001,0.005,0.003,0.09,0.07,0.043,0.038,0.028,0.027,0.021,0.02
2018-08-28,WE6,0.006,0.138,0.001,0.009,0.006,0.106,0.092,0.056,0.057,0.039,0.039,0.03,0.029
2018-09-02,WE6,0.006,0.143,0.001,0.007,0.004,0.125,0.129,0.078,0.074,0.04,0.041,0.031,0.029
2018-10-17,WE6,0.139,0.246,0.024,0.217,0.227,0.2,0.173,0.172,0.18,0.186,0.194,0.16,0.205
2018-10-22,WE6,0.007,0.116,0.001,0.004,0.003,0.092,0.072,0.041,0.032,0.023,0.021,0.017,0.015
2018-11-11,WE6,0.02,0.167,0.007,0.016,0.012,0.141,0.127,0.12,0.111,0.071,0.065,0.054,0.047
2018-11-26,WE6,0.194,0.593,0.003,0.143,0.124,0.553,0.485,0.501,0.498,0.503,0.511,0.477,0.511
2019-03-26,WE6,0.014,0.148,0.001,0.004,0.002,0.135,0.143,0.16,0.16,0.109,0.105,0.087,0.069
2019-04-15,WE6,0.016,0.145,0.001,0.013,0.011,0.128,0.129,0.132,0.131,0.083,0.081,0.067,0.054
2019-05-05,WE6,0.011,0.142,0.002,0.006,0.005,0.129,0.136,0.142,0.133,0.074,0.071,0.057,0.044
2019-05-15,WE6,0.008,0.137,0.001,0.006,0.004,0.115,0.109,0.09,0.08,0.042,0.04,0.032,0.027
2019-06-24,WE6,0.017,0.198,0.005,0.046,0.035,0.177,0.177,0.169,0.147,0.097,0.1,0.081,0.081
2019-06-29,WE6,0.027,0.183,0.008,0.089,0.073,0.147,0.145,0.137,0.138,0.114,0.125,0.082,0.118
2019-07-09,WE6,0.02,0.144,0.005,0.028,0.022,0.123,0.114,0.092,0.085,0.062,0.063,0.053,0.052
2019-07-14,WE6,0.009,0.126,0.001,0.017,0.013,0.104,0.095,0.068,0.068,0.043,0.043,0.034,0.035
2019-07-24,WE6,0.01,0.128,0.001,0.008,0.004,0.103,0.094,0.06,0.082,0.059,0.059,0.047,0.042
2019-08-03,WE6,0.012,0.133,0.001,0.008,0.004,0.113,0.113,0.068,0.093,0.066,0.066,0.053,0.049
2019-08-08,WE6,0.034,0.184,0.002,0.132,0.111,0.173,0.171,0.147,0.162,0.14,0.148,0.128,0.14
2019-08-23,WE6,0.009,0.133,0.001,0.008,0.005,0.113,0.109,0.077,0.077,0.044,0.044,0.035,0.03
2019-08-28,WE6,0.011,0.14,0.002,0.014,0.01,0.125,0.126,0.094,0.103,0.065,0.065,0.053,0.047
2019-09-02,WE6,0.006,0.135,0.001,0.005,0.003,0.116,0.116,0.076,0.095,0.056,0.057,0.043,0.035
2019-09-22,WE6,0.006,0.142,0.001,0.007,0.004,0.125,0.121,0.083,0.068,0.037,0.038,0.029,0.027
2019-10-07,WE6,0.228,0.309,0.088,0.129,0.146,0.274,0.245,0.208,0.206,0.206,0.221,0.24,0.239
2019-10-12,WE6,0.041,0.162,0.004,0.046,0.037,0.13,0.126,0.102,0.098,0.071,0.075,0.053,0.07
2019-10-17,WE6,0.042,0.194,0.002,0.099,0.089,0.181,0.168,0.147,0.137,0.111,0.112,0.109,0.101
2019-11-01,WE6,0.248,0.494,0.003,0.602,0.534,0.509,0.489,0.531,0.54,0.542,0.557,0.545,0.569
2019-11-16,WE6,0.071,0.26,0.002,0.149,0.159,0.225,0.192,0.188,0.185,0.174,0.178,0.155,0.171
2019-11-26,WE6,0.106,0.275,0.006,0.186,0.148,0.255,0.232,0.21,0.195,0.176,0.17,0.207,0.162
2020-03-05,WE6,0.014,0.16,0.001,0.004,0.003,0.15,0.161,0.184,0.183,0.128,0.122,0.101,0.082
2020-03-15,WE6,0.01,0.151,0.001,0.004,0.003,0.135,0.139,0.147,0.14,0.087,0.08,0.064,0.049
2020-03-25,WE6,0.009,0.162,0.001,0.005,0.003,0.144,0.143,0.128,0.114,0.061,0.055,0.043,0.034
2020-04-04,WE6,0.017,0.181,0.001,0.009,0.006,0.166,0.178,0.21,0.208,0.163,0.165,0.139,0.121
2020-04-24,WE6,0.011,0.163,0.001,0.008,0.005,0.15,0.155,0.159,0.151,0.095,0.091,0.073,0.06
2020-05-04,WE6,0.019,0.163,0.002,0.017,0.014,0.148,0.153,0.137,0.127,0.07,0.066,0.057,0.045
2020-06-03,WE6,0.027,0.165,0.01,0.05,0.039,0.147,0.144,0.128,0.117,0.089,0.093,0.08,0.082
2020-06-08,WE6,0.009,0.138,0.001,0.015,0.012,0.121,0.124,0.105,0.102,0.057,0.058,0.044,0.04
2020-06-13,WE6,0.019,0.154,0.002,0.034,0.028,0.14,0.146,0.144,0.141,0.092,0.093,0.077,0.069
2020-06-18,WE6,0.015,0.155,0.004,0.03,0.023,0.14,0.141,0.109,0.097,0.062,0.063,0.054,0.053
2020-07-03,WE6,0.006,0.125,0.001,0.004,0.003,0.1,0.085,0.047,0.038,0.027,0.026,0.02,0.02
2020-07-08,WE6,0.007,0.144,0.001,0.01,0.006,0.116,0.098,0.058,0.047,0.038,0.037,0.03,0.031
2020-07-13,WE6,0.007,0.124,0.001,0.008,0.006,0.1,0.089,0.052,0.049,0.032,0.031,0.024,0.023
2020-07-18,WE6,0.02,0.15,0.009,0.037,0.029,0.126,0.119,0.079,0.076,0.065,0.067,0.058,0.061
2020-07-23,WE6,0.012,0.153,0.001,0.026,0.017,0.129,0.126,0.079,0.086,0.063,0.065,0.055,0.052
2020-07-28,WE6,0.01,0.131,0.001,0.021,0.016,0.108,0.11,0.066,0.066,0.045,0.045,0.037,0.037
2020-08-07,WE6,0.009,0.132,0.001,0.009,0.007,0.109,0.107,0.059,0.054,0.035,0.035,0.028,0.027
2020-08-22,WE6,0.007,0.127,0.001,0.005,0.003,0.105,0.107,0.057,0.058,0.036,0.036,0.028,0.026
2020-08-27,WE6,0.009,0.142,0.001,0.013,0.008,0.116,0.105,0.067,0.062,0.046,0.047,0.037,0.038
2015-08-04,WE12,0.013,0.14,0.001,0.023,0.018,0.114,0.101,0.077,0.073,0.051,0.05,0.043,0.04
2015-08-14,WE12,0.01,0.142,0.002,0.019,0.013,0.121,0.112,0.074,0.093,0.064,0.066,0.052,0.05
2015-08-24,WE12,0.01,0.127,0.001,0.01,0.007,0.105,0.101,0.061,0.071,0.041,0.04,0.033,0.029
2015-10-23,WE12,0.01,0.152,0.003,0.012,0.011,0.121,0.095,0.062,0.051,0.035,0.032,0.027,0.025
2016-06-29,WE12,0.006,0.127,0,0.002,0.002,0.107,0.095,0.054,0.043,0.023,0.021,0.017,0.015
2016-07-19,WE12,0.007,0.136,0.001,0.005,0.002,0.11,0.093,0.049,0.04,0.028,0.027,0.022,0.02
2016-08-08,WE12,0.009,0.126,0.001,0.011,0.009,0.105,0.096,0.058,0.054,0.033,0.033,0.028,0.026
2016-08-28,WE12,0.005,0.155,0,0.004,0.002,0.13,0.113,0.064,0.047,0.03,0.029,0.022,0.02
2016-10-07,WE12,0.005,0.158,0.001,0.003,0.001,0.141,0.131,0.091,0.072,0.035,0.034,0.027,0.021
2016-11-26,WE12,0.012,0.182,0.001,0.012,0.01,0.14,0.099,0.06,0.049,0.037,0.034,0.029,0.026
2017-03-16,WE12,0.01,0.16,0.001,0.003,0.002,0.141,0.131,0.119,0.108,0.062,0.056,0.046,0.035
2017-04-25,WE12,0.008,0.154,0.001,0.01,0.008,0.143,0.151,0.151,0.13,0.071,0.07,0.055,0.045
2017-05-15,WE12,0.01,0.141,0.001,0.011,0.008,0.13,0.135,0.134,0.121,0.064,0.062,0.051,0.039
2017-06-24,WE12,0.013,0.142,0.001,0.031,0.024,0.122,0.105,0.065,0.056,0.048,0.047,0.043,0.042
2017-07-09,WE12,0.009,0.122,0.001,0.014,0.011,0.096,0.078,0.049,0.042,0.033,0.032,0.028,0.026
2017-07-14,WE12,0.075,0.224,0.005,0.206,0.171,0.259,0.235,0.223,0.217,0.214,0.216,0.212,0.208
2017-07-29,WE12,0.014,0.153,0.001,0.019,0.015,0.141,0.148,0.143,0.152,0.106,0.11,0.092,0.077
2017-08-03,WE12,0.018,0.181,0.004,0.016,0.01,0.15,0.129,0.078,0.067,0.055,0.055,0.045,0.047
2017-08-23,WE12,0.008,0.13,0.001,0.015,0.011,0.113,0.102,0.059,0.054,0.038,0.037,0.033,0.03
2017-09-07,WE12,0.035,0.218,0.004,0.047,0.037,0.206,0.208,0.173,0.183,0.126,0.127,0.109,0.099
2017-10-02,WE12,0.013,0.142,0.005,0.008,0.006,0.119,0.109,0.068,0.062,0.036,0.035,0.028,0.024
2017-10-17,WE12,0.006,0.146,0.001,0.004,0.002,0.124,0.114,0.071,0.064,0.033,0.032,0.024,0.02
2017-10-22,WE12,0.008,0.15,0.002,0.006,0.004,0.127,0.113,0.068,0.053,0.031,0.029,0.024,0.021
2017-11-26,WE12,0.008,0.165,0.001,0.003,0.002,0.139,0.118,0.07,0.054,0.03,0.027,0.022,0.018
2018-03-06,WE12,0.016,0.161,0.001,0.004,0.003,0.145,0.148,0.167,0.167,0.124,0.119,0.1,0.081
2018-03-11,WE12,0.007,0.149,0.001,0.002,0.001,0.132,0.13,0.119,0.101,0.049,0.044,0.035,0.025
2018-03-16,WE12,0.007,0.143,0.001,0.002,0.001,0.123,0.113,0.074,0.056,0.029,0.024,0.019,0.015
2018-03-26,WE12,0.016,0.158,0.001,0.005,0.003,0.143,0.147,0.157,0.156,0.116,0.111,0.095,0.076
2018-04-05,WE12,0.013,0.157,0.002,0.008,0.005,0.141,0.14,0.123,0.109,0.058,0.053,0.044,0.034
2018-04-10,WE12,0.013,0.17,0.002,0.007,0.005,0.15,0.138,0.088,0.068,0.039,0.036,0.03,0.025
2018-04-20,WE12,0.01,0.155,0.001,0.003,0.001,0.142,0.148,0.147,0.137,0.078,0.073,0.06,0.044
2018-04-25,WE12,0.025,0.199,0.006,0.029,0.024,0.175,0.173,0.16,0.14,0.09,0.087,0.064,0.065
2018-04-30,WE12,0.009,0.14,0.001,0.005,0.003,0.124,0.12,0.087,0.067,0.034,0.031,0.025,0.021
2018-05-25,WE12,0.006,0.126,0.001,0.003,0.002,0.104,0.104,0.065,0.071,0.033,0.031,0.025,0.019
2018-06-04,WE12,0.016,0.141,0.001,0.03,0.025,0.125,0.119,0.096,0.084,0.055,0.056,0.049,0.046
2018-06-14,WE12,0.01,0.149,0.001,0.02,0.015,0.139,0.141,0.114,0.097,0.054,0.054,0.046,0.04
2018-06-29,WE12,0.008,0.143,0.001,0.017,0.013,0.125,0.116,0.074,0.06,0.04,0.04,0.034,0.033
2018-07-04,WE12,0.006,0.124,0.003,0.007,0.004,0.096,0.076,0.042,0.034,0.027,0.027,0.022,0.021
2018-07-09,WE12,0.008,0.138,0.001,0.01,0.011,0.121,0.111,0.067,0.054,0.033,0.032,0.027,0.024
2018-08-03,WE12,0.009,0.148,0.001,0.01,0.005,0.122,0.109,0.063,0.055,0.04,0.038,0.031,0.03
2018-08-13,WE12,0.007,0.136,0.001,0.007,0.004,0.114,0.108,0.057,0.049,0.032,0.032,0.025,0.023
2018-08-18,WE12,0.009,0.158,0.001,0.013,0.008,0.136,0.122,0.072,0.061,0.047,0.047,0.039,0.04
2018-08-23,WE12,0.007,0.129,0,0.005,0.003,0.105,0.095,0.049,0.044,0.028,0.027,0.022,0.019
2018-08-28,WE12,0.006,0.147,0,0.009,0.005,0.122,0.105,0.058,0.05,0.035,0.034,0.027,0.027
2018-09-02,WE12,0.005,0.133,0,0.007,0.004,0.109,0.094,0.048,0.039,0.027,0.027,0.022,0.02
2018-10-17,WE12,0.243,0.356,0.022,0.206,0.255,0.182,0.166,0.169,0.184,0.197,0.224,0.122,0.251
2018-10-22,WE12,0.007,0.127,0.001,0.005,0.003,0.099,0.077,0.047,0.039,0.025,0.023,0.019,0.016
2018-11-11,WE12,0.028,0.158,0.007,0.034,0.028,0.127,0.102,0.077,0.068,0.051,0.047,0.044,0.041
2019-03-26,WE12,0.012,0.154,0.001,0.002,0.001,0.139,0.144,0.151,0.147,0.096,0.09,0.075,0.058
2019-04-15,WE12,0.019,0.159,0.001,0.012,0.009,0.147,0.152,0.169,0.17,0.125,0.124,0.107,0.088
2019-05-05,WE12,0.009,0.156,0.001,0.005,0.003,0.144,0.149,0.133,0.114,0.056,0.053,0.043,0.033
2019-05-15,WE12,0.008,0.157,0.001,0.004,0.003,0.144,0.147,0.138,0.119,0.062,0.06,0.047,0.037
2019-06-29,WE12,0.017,0.146,0.008,0.037,0.028,0.119,0.099,0.072,0.066,0.058,0.059,0.053,0.054
2019-07-04,WE12,0.007,0.148,0.001,0.023,0.015,0.116,0.089,0.06,0.05,0.046,0.044,0.038,0.04
2019-07-09,WE12,0.022,0.148,0.007,0.031,0.024,0.123,0.11,0.08,0.073,0.058,0.058,0.052,0.051
2019-07-14,WE12,0.007,0.122,0.001,0.011,0.008,0.1,0.088,0.053,0.05,0.033,0.031,0.027,0.024
2019-07-24,WE12,0.01,0.14,0.001,0.015,0.011,0.119,0.111,0.068,0.069,0.046,0.045,0.038,0.035
2019-08-08,WE12,0.01,0.14,0.001,0.019,0.014,0.119,0.112,0.068,0.063,0.044,0.044,0.038,0.036
2019-08-23,WE12,0.008,0.132,0.001,0.008,0.006,0.111,0.103,0.06,0.06,0.036,0.034,0.029,0.024
2019-08-28,WE12,0.009,0.138,0.001,0.012,0.008,0.119,0.114,0.076,0.075,0.046,0.045,0.036,0.032
2019-09-02,WE12,0.005,0.137,0.001,0.003,0.002,0.116,0.11,0.063,0.059,0.032,0.03,0.024,0.02
2019-09-07,WE12,0.015,0.147,0.005,0.015,0.011,0.121,0.111,0.072,0.071,0.048,0.047,0.04,0.037
2019-09-22,WE12,0.006,0.138,0.001,0.007,0.005,0.114,0.099,0.058,0.045,0.031,0.03,0.023,0.022
2019-10-12,WE12,0.01,0.147,0.001,0.006,0.004,0.126,0.118,0.081,0.066,0.035,0.034,0.027,0.022
2019-10-17,WE12,0.044,0.206,0.001,0.124,0.109,0.179,0.169,0.155,0.147,0.124,0.127,0.096,0.124
2019-10-22,WE12,0.092,0.259,0.003,0.244,0.189,0.231,0.216,0.217,0.219,0.215,0.214,0.18,0.21
2019-11-26,WE12,0.03,0.189,0.002,0.026,0.028,0.136,0.102,0.067,0.057,0.048,0.048,0.038,0.045
2020-03-05,WE12,0.007,0.144,0.001,0.003,0.001,0.122,0.114,0.071,0.055,0.029,0.025,0.02,0.017
2020-03-15,WE12,0.008,0.156,0.001,0.003,0.002,0.138,0.137,0.109,0.09,0.044,0.039,0.031,0.023
2020-03-25,WE12,0.016,0.191,0.001,0.016,0.01,0.167,0.162,0.143,0.124,0.074,0.069,0.057,0.049
2020-04-24,WE12,0.009,0.162,0.001,0.005,0.003,0.145,0.145,0.12,0.102,0.054,0.05,0.039,0.032
2020-05-04,WE12,0.011,0.157,0.001,0.01,0.008,0.137,0.132,0.086,0.072,0.04,0.037,0.031,0.027
2020-05-24,WE12,0.015,0.166,0.004,0.024,0.019,0.153,0.154,0.12,0.097,0.06,0.061,0.047,0.047
2020-06-08,WE12,0.009,0.133,0.001,0.018,0.014,0.112,0.106,0.073,0.069,0.043,0.042,0.037,0.034
2020-06-13,WE12,0.016,0.153,0.001,0.032,0.025,0.141,0.137,0.115,0.099,0.064,0.062,0.056,0.05
2020-06-18,WE12,0.009,0.155,0.002,0.022,0.016,0.144,0.136,0.089,0.069,0.045,0.044,0.039,0.037
2020-06-23,WE12,0.01,0.157,0.001,0.029,0.025,0.131,0.115,0.073,0.059,0.048,0.048,0.041,0.044
2020-06-28,WE12,0.012,0.135,0.005,0.023,0.017,0.112,0.096,0.061,0.054,0.043,0.042,0.037,0.037
2020-07-03,WE12,0.006,0.126,0.001,0.004,0.002,0.097,0.075,0.038,0.029,0.024,0.022,0.018,0.017
2020-07-08,WE12,0.007,0.139,0,0.007,0.004,0.108,0.08,0.045,0.036,0.033,0.031,0.025,0.026
2020-07-13,WE12,0.006,0.127,0.001,0.008,0.005,0.1,0.08,0.043,0.035,0.026,0.025,0.021,0.019
2020-07-18,WE12,0.014,0.14,0.005,0.023,0.017,0.112,0.091,0.057,0.048,0.043,0.044,0.037,0.039
2020-07-23,WE12,0.071,0.304,0.001,0.276,0.227,0.268,0.251,0.243,0.238,0.24,0.254,0.223,0.263
2020-07-28,WE12,0.009,0.129,0.001,0.018,0.014,0.106,0.088,0.052,0.044,0.035,0.034,0.031,0.03
2020-08-07,WE12,0.008,0.131,0.001,0.009,0.006,0.103,0.088,0.05,0.046,0.032,0.03,0.026,0.024
2020-08-17,WE12,0.015,0.155,0.003,0.013,0.01,0.128,0.115,0.068,0.059,0.045,0.045,0.037,0.037
2020-08-22,WE12,0.007,0.127,0.001,0.004,0.002,0.101,0.087,0.044,0.036,0.027,0.026,0.021,0.02
2020-08-27,WE12,0.009,0.143,0.001,0.012,0.008,0.116,0.101,0.059,0.05,0.04,0.039,0.033,0.033
2016-06-29,WE9,0.011,0.136,0.001,0.011,0.009,0.12,0.124,0.101,0.094,0.051,0.051,0.04,0.035
2019-03-16,WE9,0.029,0.181,0.002,0.011,0.009,0.174,0.191,0.235,0.245,0.19,0.189,0.167,0.136
2019-03-26,WE9,0.011,0.144,0.001,0.003,0.002,0.129,0.136,0.144,0.139,0.081,0.076,0.063,0.047
2019-04-15,WE9,0.015,0.141,0.001,0.012,0.01,0.124,0.124,0.121,0.118,0.07,0.067,0.055,0.046
2019-05-05,WE9,0.016,0.149,0.001,0.013,0.01,0.136,0.144,0.163,0.161,0.107,0.106,0.086,0.072
2019-05-15,WE9,0.01,0.145,0.001,0.012,0.008,0.127,0.127,0.119,0.11,0.063,0.06,0.048,0.041
2019-06-24,WE9,0.019,0.19,0.005,0.04,0.034,0.159,0.14,0.126,0.11,0.09,0.095,0.085,0.079
2019-06-29,WE9,0.016,0.157,0.005,0.037,0.028,0.141,0.14,0.137,0.126,0.085,0.091,0.074,0.071
2019-07-09,WE9,0.019,0.143,0.004,0.027,0.021,0.124,0.116,0.095,0.088,0.064,0.065,0.054,0.054
2019-07-14,WE9,0.009,0.127,0.001,0.011,0.008,0.102,0.097,0.071,0.075,0.042,0.042,0.033,0.031
2019-07-19,WE9,0.018,0.158,0.008,0.036,0.027,0.138,0.131,0.11,0.097,0.071,0.076,0.063,0.066
2019-07-24,WE9,0.009,0.13,0.001,0.007,0.004,0.108,0.101,0.078,0.087,0.052,0.054,0.042,0.036
2019-07-29,WE9,0.022,0.168,0.011,0.04,0.028,0.149,0.137,0.117,0.118,0.093,0.099,0.086,0.081
2019-08-03,WE9,0.027,0.133,0.001,0.017,0.006,0.113,0.117,0.068,0.146,0.176,0.18,0.153,0.152
2019-08-08,WE9,0.011,0.149,0.001,0.021,0.017,0.131,0.128,0.102,0.109,0.073,0.075,0.061,0.055
2019-08-23,WE9,0.01,0.137,0.001,0.008,0.006,0.116,0.111,0.093,0.095,0.056,0.057,0.045,0.037
2019-08-28,WE9,0.01,0.136,0.001,0.011,0.008,0.12,0.12,0.091,0.098,0.061,0.062,0.049,0.043
2019-09-02,WE9,0.006,0.128,0.001,0.005,0.003,0.107,0.105,0.064,0.089,0.054,0.054,0.041,0.035
2019-09-22,WE9,0.006,0.142,0.001,0.009,0.007,0.123,0.119,0.09,0.078,0.044,0.044,0.034,0.032
2019-10-12,WE9,0.01,0.134,0.001,0.005,0.003,0.113,0.105,0.08,0.074,0.04,0.038,0.031,0.025
2019-10-17,WE9,0.015,0.151,0.001,0.015,0.012,0.12,0.095,0.067,0.058,0.043,0.041,0.034,0.032
2019-11-16,WE9,0.049,0.23,0.002,0.095,0.078,0.198,0.158,0.144,0.139,0.127,0.129,0.121,0.121
2019-11-26,WE9,0.209,0.418,0.013,0.419,0.312,0.45,0.42,0.429,0.42,0.401,0.391,0.462,0.376
2020-03-05,WE9,0.019,0.161,0.001,0.005,0.003,0.15,0.163,0.192,0.196,0.158,0.155,0.134,0.115
2020-03-15,WE9,0.009,0.147,0.001,0.004,0.002,0.13,0.133,0.13,0.118,0.065,0.059,0.047,0.036
2020-03-25,WE9,0.015,0.167,0.001,0.005,0.003,0.152,0.158,0.182,0.184,0.14,0.139,0.116,0.099
2020-04-04,WE9,0.016,0.173,0.001,0.007,0.004,0.158,0.164,0.19,0.191,0.157,0.161,0.136,0.122
2020-04-24,WE9,0.012,0.16,0.001,0.011,0.008,0.145,0.148,0.148,0.138,0.086,0.082,0.066,0.056
2020-05-04,WE9,0.037,0.165,0.002,0.061,0.046,0.14,0.134,0.116,0.116,0.089,0.091,0.072,0.083
2020-06-03,WE9,0.019,0.157,0.006,0.038,0.03,0.141,0.14,0.13,0.114,0.077,0.081,0.067,0.066
2020-06-08,WE9,0.01,0.137,0.001,0.018,0.015,0.119,0.12,0.104,0.094,0.055,0.056,0.043,0.043
2020-06-13,WE9,0.022,0.153,0.003,0.037,0.032,0.139,0.143,0.136,0.132,0.087,0.088,0.075,0.07
2020-07-03,WE9,0.007,0.125,0.001,0.01,0.007,0.101,0.089,0.055,0.048,0.034,0.034,0.026,0.027
2020-07-08,WE9,0.007,0.14,0.001,0.009,0.005,0.112,0.1,0.063,0.061,0.042,0.042,0.033,0.032
2020-07-13,WE9,0.008,0.129,0.001,0.009,0.007,0.104,0.096,0.061,0.064,0.038,0.038,0.03,0.029
2020-07-18,WE9,0.02,0.149,0.009,0.034,0.025,0.126,0.118,0.09,0.087,0.068,0.07,0.06,0.061
2020-07-23,WE9,0.01,0.15,0.001,0.017,0.012,0.127,0.116,0.078,0.08,0.056,0.058,0.047,0.045
2020-07-28,WE9,0.011,0.137,0.001,0.021,0.016,0.116,0.112,0.079,0.081,0.051,0.052,0.042,0.041
2020-08-07,WE9,0.009,0.136,0.001,0.009,0.006,0.113,0.106,0.071,0.072,0.043,0.043,0.034,0.03
2020-08-22,WE9,0.008,0.125,0.001,0.006,0.003,0.1,0.103,0.053,0.09,0.062,0.064,0.049,0.041
2020-08-27,WE9,0.01,0.148,0.001,0.014,0.01,0.126,0.119,0.088,0.09,0.06,0.063,0.049,0.048
2015-08-04,WE16,0.009,0.129,0.001,0.014,0.01,0.108,0.103,0.063,0.087,0.056,0.056,0.046,0.039
2015-08-14,WE16,0.017,0.156,0.002,0.155,0.118,0.129,0.119,0.115,0.194,0.159,0.152,0.063,0.139
2015-10-23,WE16,0.02,0.172,0.005,0.032,0.028,0.145,0.125,0.085,0.071,0.051,0.05,0.045,0.046
2016-06-29,WE16,0.01,0.13,0.001,0.012,0.008,0.108,0.091,0.047,0.037,0.028,0.026,0.023,0.022
2016-07-19,WE16,0.007,0.135,0.001,0.009,0.006,0.107,0.082,0.042,0.034,0.03,0.029,0.023,0.023
2016-08-08,WE16,0.008,0.125,0.001,0.012,0.009,0.102,0.09,0.049,0.043,0.031,0.03,0.025,0.023
2016-08-28,WE16,0.005,0.154,0,0.005,0.003,0.131,0.113,0.063,0.046,0.03,0.03,0.023,0.021
2016-10-07,WE16,0.005,0.142,0,0.003,0.001,0.12,0.099,0.048,0.035,0.023,0.02,0.016,0.015
2016-11-26,WE16,0.011,0.186,0.001,0.005,0.005,0.151,0.118,0.067,0.052,0.035,0.031,0.026,0.022
2017-03-16,WE16,0.012,0.162,0.001,0.003,0.002,0.143,0.133,0.128,0.121,0.075,0.069,0.057,0.042
2017-04-25,WE16,0.062,0.209,0.004,0.099,0.082,0.192,0.187,0.171,0.154,0.125,0.126,0.117,0.119
2017-05-15,WE16,0.009,0.137,0.001,0.009,0.007,0.123,0.119,0.077,0.058,0.032,0.03,0.026,0.022
2017-06-24,WE16,0.013,0.15,0.001,0.031,0.025,0.133,0.117,0.071,0.059,0.048,0.048,0.044,0.043
2017-07-09,WE16,0.009,0.126,0.001,0.017,0.013,0.103,0.082,0.046,0.039,0.034,0.031,0.029,0.027
2017-07-29,WE16,0.012,0.159,0.001,0.019,0.015,0.148,0.149,0.137,0.126,0.077,0.079,0.066,0.054
2017-08-03,WE16,0.012,0.169,0.002,0.012,0.008,0.136,0.109,0.064,0.053,0.046,0.045,0.037,0.037
2017-08-23,WE16,0.008,0.134,0.001,0.01,0.007,0.11,0.095,0.052,0.044,0.032,0.03,0.026,0.024
2017-09-07,WE16,0.01,0.158,0.001,0.009,0.008,0.139,0.132,0.085,0.082,0.048,0.046,0.038,0.033
2017-09-12,WE16,0.024,0.156,0.008,0.019,0.014,0.133,0.132,0.086,0.092,0.062,0.061,0.053,0.048
2017-09-27,WE16,0.034,0.233,0.002,0.121,0.092,0.206,0.175,0.146,0.132,0.129,0.137,0.125,0.135
2017-10-02,WE16,0.009,0.133,0.003,0.006,0.004,0.111,0.099,0.051,0.044,0.029,0.028,0.023,0.019
2017-10-17,WE16,0.006,0.153,0.001,0.004,0.002,0.134,0.124,0.08,0.065,0.033,0.03,0.024,0.02
2017-10-22,WE16,0.007,0.148,0.002,0.006,0.004,0.123,0.106,0.056,0.044,0.028,0.026,0.021,0.019
2017-11-26,WE16,0.008,0.163,0.002,0.003,0.002,0.136,0.112,0.069,0.053,0.031,0.027,0.022,0.018
2018-03-06,WE16,0.01,0.154,0.001,0.004,0.003,0.134,0.127,0.108,0.093,0.051,0.045,0.036,0.027
2018-03-11,WE16,0.011,0.154,0.001,0.002,0.001,0.137,0.141,0.161,0.158,0.101,0.095,0.078,0.059
2018-03-16,WE16,0.009,0.149,0.001,0.002,0.002,0.132,0.132,0.128,0.115,0.061,0.054,0.044,0.032
2018-03-26,WE16,0.013,0.154,0.001,0.006,0.004,0.139,0.138,0.138,0.132,0.086,0.08,0.067,0.051
2018-04-05,WE16,0.013,0.152,0.002,0.008,0.005,0.135,0.137,0.116,0.11,0.059,0.053,0.044,0.034
2018-04-10,WE16,0.012,0.156,0.002,0.009,0.006,0.134,0.115,0.061,0.047,0.033,0.029,0.025,0.022
2018-04-20,WE16,0.008,0.142,0.001,0.003,0.002,0.128,0.129,0.103,0.081,0.038,0.033,0.027,0.02
2018-04-30,WE16,0.009,0.135,0.001,0.005,0.003,0.115,0.101,0.055,0.04,0.025,0.024,0.019,0.017
2018-05-25,WE16,0.006,0.127,0.001,0.003,0.002,0.105,0.101,0.056,0.047,0.024,0.022,0.018,0.015
2018-06-04,WE16,0.017,0.147,0.001,0.031,0.025,0.135,0.132,0.106,0.091,0.059,0.058,0.052,0.047
2018-06-14,WE16,0.012,0.14,0.001,0.024,0.018,0.125,0.119,0.084,0.067,0.044,0.044,0.039,0.036
2018-06-29,WE16,0.008,0.137,0.001,0.014,0.011,0.106,0.086,0.052,0.042,0.033,0.033,0.026,0.028
2018-07-04,WE16,0.005,0.129,0.001,0.005,0.003,0.102,0.082,0.043,0.033,0.026,0.025,0.018,0.019
2018-07-09,WE16,0.007,0.129,0.001,0.005,0.006,0.106,0.088,0.044,0.034,0.025,0.023,0.019,0.017
2018-08-03,WE16,0.008,0.146,0.001,0.008,0.005,0.118,0.101,0.056,0.048,0.036,0.036,0.028,0.028
2018-08-13,WE16,0.007,0.133,0.001,0.009,0.007,0.108,0.093,0.047,0.04,0.03,0.029,0.024,0.024
2018-08-18,WE16,0.01,0.165,0.001,0.019,0.012,0.141,0.121,0.074,0.063,0.054,0.053,0.045,0.046
2018-08-23,WE16,0.007,0.132,0.001,0.004,0.002,0.11,0.099,0.051,0.045,0.028,0.028,0.022,0.02
2018-09-02,WE16,0.006,0.14,0.001,0.008,0.005,0.116,0.107,0.057,0.051,0.032,0.033,0.025,0.023
2018-11-11,WE16,0.031,0.188,0.006,0.039,0.032,0.157,0.129,0.091,0.08,0.063,0.06,0.054,0.053
2019-03-26,WE16,0.009,0.144,0.001,0.003,0.002,0.128,0.131,0.121,0.106,0.053,0.047,0.039,0.028
2019-04-15,WE16,0.017,0.157,0.001,0.013,0.01,0.144,0.147,0.155,0.152,0.103,0.101,0.086,0.069
2019-05-05,WE16,0.007,0.149,0.001,0.004,0.002,0.133,0.12,0.062,0.044,0.025,0.023,0.019,0.016
2019-05-15,WE16,0.007,0.144,0.001,0.004,0.002,0.127,0.127,0.109,0.088,0.043,0.041,0.031,0.026
2019-05-25,WE16,0.013,0.15,0.004,0.029,0.022,0.133,0.127,0.098,0.077,0.055,0.054,0.047,0.046
2019-06-14,WE16,0.028,0.166,0.006,0.042,0.033,0.154,0.153,0.139,0.119,0.081,0.08,0.072,0.067
2019-06-29,WE16,0.012,0.142,0.003,0.034,0.026,0.114,0.09,0.065,0.056,0.052,0.053,0.047,0.05
2019-07-04,WE16,0.007,0.144,0,0.019,0.012,0.113,0.086,0.057,0.046,0.041,0.041,0.034,0.035
2019-07-09,WE16,0.021,0.145,0.006,0.03,0.023,0.122,0.105,0.071,0.061,0.054,0.052,0.048,0.048
2019-07-14,WE16,0.008,0.128,0.001,0.014,0.011,0.106,0.089,0.055,0.044,0.033,0.031,0.028,0.025
2019-07-24,WE16,0.011,0.143,0.001,0.017,0.012,0.122,0.106,0.063,0.054,0.041,0.04,0.035,0.034
2019-08-03,WE16,0.009,0.137,0.001,0.005,0.003,0.114,0.105,0.053,0.048,0.034,0.032,0.026,0.024
2019-08-08,WE16,0.011,0.141,0.001,0.025,0.019,0.122,0.117,0.075,0.073,0.051,0.051,0.044,0.043
2019-08-23,WE16,0.009,0.134,0.001,0.011,0.009,0.114,0.115,0.061,0.06,0.037,0.036,0.03,0.028
2019-08-28,WE16,0.009,0.138,0.001,0.013,0.009,0.119,0.114,0.068,0.065,0.041,0.04,0.034,0.031
2019-09-02,WE16,0.005,0.133,0.001,0.005,0.003,0.11,0.102,0.057,0.053,0.032,0.03,0.024,0.022
2019-09-07,WE16,0.041,0.161,0.009,0.021,0.025,0.121,0.11,0.071,0.067,0.05,0.054,0.043,0.055
2019-09-22,WE16,0.005,0.135,0.001,0.007,0.005,0.111,0.093,0.048,0.037,0.028,0.026,0.021,0.02
2019-10-12,WE16,0.008,0.146,0.001,0.004,0.003,0.127,0.116,0.081,0.065,0.035,0.032,0.027,0.021
2019-10-17,WE16,0.024,0.167,0.002,0.037,0.041,0.13,0.105,0.083,0.077,0.06,0.061,0.052,0.054
2019-10-22,WE16,0.011,0.166,0.002,0.009,0.006,0.138,0.113,0.065,0.051,0.037,0.034,0.029,0.026
2020-03-05,WE16,0.007,0.14,0.001,0.003,0.002,0.118,0.106,0.063,0.046,0.027,0.023,0.018,0.015
2020-03-15,WE16,0.008,0.149,0.001,0.004,0.002,0.127,0.116,0.071,0.053,0.029,0.026,0.021,0.017
2020-04-24,WE16,0.009,0.156,0.001,0.007,0.004,0.135,0.121,0.071,0.056,0.035,0.032,0.027,0.024
2020-05-04,WE16,0.012,0.161,0.001,0.014,0.01,0.144,0.137,0.091,0.074,0.043,0.04,0.034,0.03
2020-06-08,WE16,0.007,0.123,0.001,0.011,0.008,0.098,0.089,0.053,0.049,0.033,0.031,0.027,0.022
2020-06-13,WE16,0.015,0.152,0.001,0.028,0.022,0.139,0.136,0.11,0.091,0.057,0.056,0.049,0.045
2020-06-18,WE16,0.009,0.148,0.001,0.025,0.02,0.132,0.115,0.069,0.054,0.043,0.042,0.037,0.037
2020-06-28,WE16,0.02,0.142,0.011,0.033,0.025,0.122,0.107,0.073,0.065,0.055,0.054,0.053,0.05
2020-07-03,WE16,0.015,0.141,0.007,0.031,0.023,0.117,0.095,0.06,0.053,0.05,0.052,0.047,0.047
2020-07-08,WE16,0.007,0.143,0.001,0.01,0.005,0.112,0.085,0.047,0.038,0.034,0.033,0.027,0.028
2020-07-13,WE16,0.008,0.136,0.001,0.014,0.011,0.113,0.092,0.051,0.04,0.031,0.031,0.026,0.025
2020-07-18,WE16,0.014,0.14,0.005,0.026,0.02,0.114,0.092,0.057,0.05,0.046,0.047,0.041,0.043
2020-07-23,WE16,0.008,0.151,0.001,0.019,0.014,0.12,0.093,0.055,0.046,0.041,0.04,0.034,0.035
2020-07-28,WE16,0.008,0.124,0.001,0.014,0.011,0.098,0.077,0.043,0.035,0.031,0.03,0.027,0.025
2020-08-07,WE16,0.009,0.131,0.001,0.012,0.009,0.105,0.091,0.052,0.049,0.036,0.034,0.029,0.028
2020-08-22,WE16,0.007,0.129,0.001,0.004,0.002,0.104,0.093,0.044,0.036,0.026,0.025,0.02,0.019
2020-08-27,WE16,0.009,0.142,0.001,0.014,0.009,0.116,0.101,0.059,0.049,0.039,0.038,0.032,0.033
2015-08-04,WE13,0.009,0.132,0.001,0.015,0.011,0.112,0.103,0.064,0.063,0.041,0.04,0.035,0.032
2015-08-14,WE13,0.019,0.15,0.003,0.026,0.02,0.134,0.123,0.086,0.082,0.062,0.063,0.059,0.055
2015-08-24,WE13,0.009,0.132,0.001,0.012,0.009,0.113,0.111,0.062,0.062,0.037,0.035,0.031,0.027
2015-10-23,WE13,0.017,0.175,0.007,0.025,0.023,0.155,0.134,0.083,0.067,0.046,0.044,0.044,0.038
2016-06-29,WE13,0.005,0.12,0.001,0.003,0.003,0.094,0.069,0.03,0.023,0.018,0.016,0.013,0.012
2016-07-19,WE13,0.007,0.13,0.001,0.008,0.005,0.099,0.074,0.039,0.032,0.027,0.026,0.021,0.021
2016-08-08,WE13,0.007,0.124,0,0.011,0.009,0.1,0.086,0.046,0.039,0.028,0.027,0.023,0.021
2016-08-28,WE13,0.005,0.148,0.001,0.004,0.002,0.123,0.109,0.06,0.049,0.029,0.029,0.022,0.02
2016-10-07,WE13,0.006,0.155,0.001,0.003,0.001,0.138,0.125,0.082,0.065,0.033,0.032,0.024,0.02
2016-11-26,WE13,0.031,0.228,0.002,0.051,0.039,0.209,0.174,0.12,0.098,0.071,0.066,0.073,0.056
2017-03-16,WE13,0.01,0.159,0.001,0.004,0.003,0.139,0.126,0.109,0.096,0.052,0.048,0.039,0.03
2017-04-25,WE13,0.015,0.145,0.001,0.024,0.021,0.125,0.108,0.071,0.058,0.045,0.044,0.037,0.038
2017-05-15,WE13,0.009,0.142,0.001,0.006,0.004,0.125,0.124,0.089,0.069,0.033,0.031,0.026,0.021
2017-06-24,WE13,0.013,0.146,0.001,0.03,0.024,0.127,0.107,0.065,0.056,0.047,0.046,0.042,0.043
2017-07-09,WE13,0.01,0.128,0.001,0.019,0.015,0.104,0.081,0.047,0.04,0.035,0.034,0.03,0.029
2017-07-14,WE13,0.01,0.148,0.001,0.021,0.015,0.122,0.096,0.054,0.046,0.04,0.038,0.034,0.033
2017-07-29,WE13,0.011,0.144,0.001,0.019,0.015,0.128,0.118,0.083,0.069,0.042,0.042,0.036,0.034
2017-08-03,WE13,0.009,0.152,0.001,0.008,0.005,0.121,0.097,0.054,0.044,0.036,0.034,0.028,0.029
2017-08-23,WE13,0.008,0.133,0.001,0.014,0.01,0.108,0.093,0.055,0.049,0.035,0.034,0.028,0.028
2017-09-07,WE13,0.052,0.207,0.008,0.045,0.037,0.186,0.163,0.126,0.118,0.103,0.104,0.097,0.096
2017-10-02,WE13,0.011,0.139,0.005,0.007,0.006,0.113,0.094,0.046,0.039,0.027,0.025,0.021,0.019
2017-10-17,WE13,0.006,0.146,0.001,0.004,0.002,0.125,0.11,0.065,0.052,0.028,0.026,0.02,0.017
2017-10-22,WE13,0.007,0.151,0.002,0.006,0.004,0.128,0.109,0.059,0.045,0.028,0.026,0.021,0.018
2017-11-26,WE13,0.007,0.16,0.001,0.002,0.001,0.131,0.1,0.05,0.037,0.025,0.021,0.017,0.014
2018-03-01,WE13,0.57,0.972,0.09,0.175,0.192,0.955,0.883,0.941,0.945,0.953,0.967,0.937,0.964
2018-03-06,WE13,0.01,0.158,0.001,0.004,0.002,0.138,0.132,0.118,0.102,0.056,0.049,0.04,0.03
2018-03-11,WE13,0.007,0.147,0.001,0.002,0.001,0.126,0.11,0.061,0.044,0.024,0.021,0.017,0.014
2018-03-16,WE13,0.008,0.143,0.001,0.002,0.001,0.124,0.115,0.076,0.059,0.03,0.026,0.02,0.015
2018-03-26,WE13,0.012,0.156,0.001,0.007,0.005,0.139,0.137,0.131,0.122,0.073,0.067,0.056,0.042
2018-04-05,WE13,0.018,0.164,0.005,0.012,0.009,0.144,0.138,0.118,0.101,0.057,0.052,0.044,0.036
2018-04-10,WE13,0.011,0.173,0.001,0.006,0.004,0.155,0.144,0.109,0.089,0.046,0.042,0.034,0.028
2018-04-20,WE13,0.01,0.156,0.001,0.002,0.002,0.143,0.146,0.142,0.131,0.075,0.071,0.057,0.043
2018-04-25,WE13,0.02,0.205,0.004,0.021,0.018,0.19,0.181,0.152,0.127,0.077,0.072,0.061,0.054
2018-04-30,WE13,0.009,0.149,0.001,0.004,0.003,0.134,0.129,0.087,0.067,0.033,0.03,0.025,0.02
2018-05-25,WE13,0.006,0.138,0.001,0.003,0.002,0.12,0.12,0.078,0.077,0.035,0.033,0.026,0.02
2018-06-04,WE13,0.012,0.135,0.001,0.019,0.016,0.101,0.085,0.056,0.048,0.038,0.038,0.027,0.034
2018-06-14,WE13,0.011,0.15,0.001,0.021,0.017,0.138,0.128,0.079,0.062,0.041,0.041,0.036,0.033
2018-06-24,WE13,0.053,0.29,0.001,0.251,0.215,0.281,0.267,0.252,0.235,0.224,0.235,0.215,0.234
2018-06-29,WE13,0.01,0.148,0.001,0.023,0.017,0.127,0.114,0.067,0.06,0.046,0.046,0.04,0.038
2018-07-04,WE13,0.005,0.124,0.001,0.004,0.002,0.095,0.077,0.039,0.032,0.027,0.026,0.021,0.021
2018-07-09,WE13,0.008,0.135,0.001,0.011,0.011,0.117,0.106,0.061,0.049,0.031,0.031,0.026,0.024
2018-07-19,WE13,0.024,0.147,0.011,0.035,0.032,0.123,0.103,0.072,0.065,0.057,0.056,0.051,0.052
2018-08-03,WE13,0.007,0.139,0.001,0.006,0.003,0.108,0.083,0.043,0.035,0.029,0.028,0.022,0.022
2018-08-13,WE13,0.007,0.134,0.001,0.007,0.005,0.106,0.089,0.044,0.036,0.028,0.027,0.022,0.021
2018-08-18,WE13,0.01,0.164,0.001,0.015,0.008,0.137,0.113,0.068,0.057,0.049,0.048,0.039,0.04
2018-08-23,WE13,0.007,0.129,0.001,0.006,0.004,0.105,0.089,0.047,0.04,0.028,0.026,0.021,0.02
2018-08-28,WE13,0.006,0.141,0,0.009,0.005,0.111,0.089,0.049,0.04,0.031,0.03,0.024,0.024
2018-09-02,WE13,0.005,0.129,0,0.007,0.004,0.101,0.082,0.042,0.035,0.025,0.024,0.019,0.018
2018-10-17,WE13,0.017,0.19,0.002,0.018,0.015,0.16,0.137,0.085,0.068,0.046,0.042,0.036,0.032
2018-10-22,WE13,0.01,0.143,0.002,0.007,0.005,0.118,0.096,0.057,0.044,0.028,0.026,0.021,0.019
2018-11-11,WE13,0.017,0.185,0.002,0.012,0.008,0.157,0.135,0.093,0.074,0.047,0.044,0.036,0.034
2019-03-06,WE13,0.147,0.39,0.003,0.073,0.065,0.412,0.386,0.399,0.393,0.374,0.35,0.33,0.327
2019-03-16,WE13,0.009,0.149,0.001,0.005,0.005,0.125,0.094,0.044,0.034,0.025,0.022,0.018,0.015
2019-03-26,WE13,0.007,0.145,0.001,0.002,0.001,0.126,0.118,0.073,0.056,0.027,0.023,0.019,0.015
2019-04-15,WE13,0.018,0.163,0.001,0.013,0.011,0.15,0.148,0.151,0.147,0.103,0.101,0.087,0.069
2019-05-05,WE13,0.007,0.144,0.001,0.003,0.002,0.126,0.117,0.068,0.05,0.026,0.024,0.019,0.017
2019-05-15,WE13,0.007,0.151,0.001,0.004,0.002,0.137,0.135,0.11,0.089,0.042,0.039,0.031,0.025
2019-05-25,WE13,0.015,0.15,0.005,0.03,0.023,0.129,0.109,0.069,0.059,0.051,0.051,0.045,0.047
2019-07-04,WE13,0.007,0.146,0,0.016,0.01,0.115,0.089,0.058,0.048,0.04,0.039,0.033,0.033
2019-07-09,WE13,0.021,0.145,0.006,0.028,0.021,0.117,0.093,0.065,0.058,0.051,0.051,0.046,0.046
2019-07-14,WE13,0.007,0.118,0.001,0.008,0.006,0.09,0.07,0.038,0.031,0.025,0.022,0.019,0.018
2019-07-24,WE13,0.01,0.139,0.001,0.019,0.014,0.114,0.093,0.054,0.045,0.039,0.038,0.033,0.033
2019-07-29,WE13,0.013,0.17,0.002,0.025,0.019,0.145,0.132,0.079,0.069,0.054,0.056,0.046,0.048
2019-08-08,WE13,0.01,0.14,0.001,0.021,0.016,0.117,0.101,0.058,0.05,0.041,0.04,0.035,0.035
2019-08-23,WE13,0.009,0.13,0.001,0.011,0.007,0.105,0.086,0.045,0.039,0.029,0.028,0.024,0.022
2019-08-28,WE13,0.009,0.134,0.001,0.012,0.009,0.111,0.102,0.057,0.052,0.035,0.034,0.028,0.026
2019-09-02,WE13,0.006,0.137,0.001,0.004,0.003,0.112,0.105,0.054,0.047,0.028,0.026,0.021,0.018
2019-09-22,WE13,0.005,0.134,0.001,0.007,0.004,0.107,0.087,0.048,0.039,0.029,0.027,0.022,0.02
2019-10-12,WE13,0.01,0.149,0.001,0.006,0.004,0.123,0.107,0.07,0.057,0.034,0.031,0.026,0.022
2019-10-17,WE13,0.009,0.153,0.001,0.008,0.005,0.128,0.11,0.081,0.071,0.041,0.038,0.033,0.026
2019-11-26,WE13,0.01,0.181,0.001,0.007,0.003,0.149,0.116,0.064,0.05,0.038,0.034,0.027,0.026
2020-03-05,WE13,0.007,0.138,0.001,0.002,0.001,0.112,0.083,0.037,0.028,0.02,0.018,0.014,0.013
2020-03-15,WE13,0.006,0.14,0.001,0.003,0.002,0.116,0.091,0.042,0.032,0.021,0.019,0.015,0.013
2020-04-24,WE13,0.008,0.152,0.001,0.005,0.002,0.129,0.111,0.061,0.046,0.031,0.027,0.022,0.02
2020-05-04,WE13,0.116,0.26,0.005,0.211,0.162,0.222,0.206,0.18,0.177,0.173,0.177,0.165,0.182
2020-05-24,WE13,0.011,0.157,0.002,0.018,0.014,0.14,0.131,0.086,0.068,0.043,0.043,0.037,0.035
2020-06-08,WE13,0.006,0.122,0.001,0.004,0.004,0.096,0.07,0.031,0.025,0.02,0.018,0.015,0.014
2020-06-13,WE13,0.015,0.145,0.001,0.028,0.023,0.128,0.114,0.078,0.066,0.048,0.046,0.043,0.04
2020-06-18,WE13,0.008,0.152,0.001,0.023,0.017,0.138,0.129,0.085,0.068,0.044,0.044,0.039,0.037
2020-06-23,WE13,0.031,0.195,0.001,0.125,0.068,0.221,0.201,0.166,0.146,0.125,0.124,0.157,0.118
2020-07-03,WE13,0.006,0.129,0.001,0.008,0.005,0.099,0.074,0.038,0.031,0.026,0.025,0.021,0.02
2020-07-08,WE13,0.006,0.139,0.001,0.007,0.004,0.107,0.08,0.045,0.036,0.031,0.029,0.024,0.024
2020-07-13,WE13,0.006,0.123,0.001,0.005,0.003,0.094,0.071,0.037,0.029,0.023,0.02,0.017,0.016
2020-07-18,WE13,0.019,0.141,0.01,0.031,0.024,0.115,0.089,0.061,0.055,0.052,0.051,0.046,0.048
2020-07-28,WE13,0.008,0.126,0.001,0.016,0.012,0.102,0.087,0.048,0.041,0.032,0.031,0.028,0.027
2020-08-07,WE13,0.008,0.131,0.001,0.008,0.006,0.101,0.075,0.038,0.031,0.027,0.025,0.021,0.02
2020-08-17,WE13,0.007,0.138,0.001,0.008,0.005,0.111,0.095,0.051,0.043,0.031,0.03,0.025,0.024
2020-08-22,WE13,0.007,0.128,0.001,0.005,0.002,0.102,0.085,0.041,0.036,0.028,0.027,0.021,0.02
2020-08-27,WE13,0.009,0.141,0.001,0.012,0.008,0.113,0.092,0.052,0.044,0.036,0.036,0.03,0.03
